,lv,mv,ward,county,area_type
0,69.78508316,33.59029411,Bahari,Lamu,SR
1,38.51714926,8.46576823,Kangundowest,Machakos,Urban
2,25.05519634,2.731747496,Roysambu,Nairobi,Urban
3,41.85516547,11.5268936,Cheranganysuwerwa,Transnzoia,Non-NR
4,39.61675263,820.7220744,Bura,Garissa,SR
5,31.82482697,7.121037223,Mugumu,Nyandarua,Urban
6,43.75778237,13.62183166,Embomos,Bureti,Non-NR
7,43.15228287,7.58872218,Kiegoiantubochiu,Meru,Non-NR
8,18.60963483,0.381574475,Portreitz,Mombasa,Urban
9,42.18880214,6.979662574,Idakhosouth,Kakamega,Non-NR
10,51.84923727,13.87879668,Abothuguchicentral,Meru,Non-NR
11,50.37016955,9.985209879,Westkarachuonyo,Homabay,Non-NR
12,54.25446422,12.85957542,Isukhaeast,Kakamega,Non-NR
13,48.5246924,15.63668406,Kanyikela,Homabay,Non-NR
14,42.97702425,9.746853455,Tongaren,Bungoma,Non-NR
15,40.40289431,11.17772502,Tezo,Kilifi,Non-NR
16,28.48850791,4.26600949,Marenyoshianda,Kakamega,Urban
17,20.09142391,0.960063545,Township,Nyamira,Urban
18,36.98223315,10.94693431,Nyanduma,Kiambu,Urban
19,35.12790728,11.5113628,Nyabasiwest,Migori,Urban
20,29.4222417,6.363316447,Wamagana,Nyeri,Urban
21,39.25277769,315.7562362,Korondile,Wajir,SR
22,27.71512225,6.856498907,Mitheru,Tharakanithi,Urban
23,29.6856532,11.32604706,Mekenene,Nyamira,Urban
24,46.67502606,14.6101275,Ollessos,Nandi,Non-NR
25,57.83052742,51.81513642,Kimintet,Narok,SR
26,47.28124501,10.59615078,Abogetawest,Meru,Non-NR
27,45.93812566,11.50067451,Kabula,Bungoma,Non-NR
28,37.19408675,11.43978078,Mwimbi,Tharakanithi,Urban
29,24.12573267,3.632113542,Changamwe,Mombasa,Urban
30,86.89485688,152.5410594,Dukana,Marsabit,SR
31,32.78519848,8.402539712,Mukurweinicentral,Nyeri,Urban
32,54.72364674,378.09367,Turbi,Marsabit,SR
33,29.42383758,5.736726936,Gaturinorth,Embu,Urban
34,12.32266585,0,Kwanjenga,Nairobi,Urban
35,19.49929797,0.488052219,Mjiwakalemakadara,Mombasa,Urban
36,52.82943104,15.28528742,Bukhayonorthwalatsi,Busia,Non-NR
37,45.21021789,8.752540091,Ndivisi,Bungoma,Non-NR
38,15.08978717,0.487679534,Ngando,Nairobi,Urban
39,66.10060366,27.61012966,Chala,Taitataveta,Non-NR
40,45.75503339,16.45747108,Ilkerin,Narok,Non-NR
41,21.06705853,3.344910614,Eastleighsouth,Nairobi,Urban
42,49.55801744,26.40438511,Rumurutitownship,Laikipia,Non-NR
43,28.56708793,2.999806954,Centralmaragoli,Vihiga,Urban
44,27.27995777,41.59782249,Elbarta,Samburu,NR
45,35.12050302,7.907991924,Namamali,Kakamega,Urban
46,55.49687805,18.41474997,Masii,Machakos,Non-NR
47,40.3685927,8.362817024,Kabondoeast,Homabay,Non-NR
48,42.80988524,15.10804878,Dabaso,Kilifi,Non-NR
49,28.2972171,3.281396592,Lugagawamuluma,Vihiga,Urban
50,15.65189462,0.660676054,Flamingo,Nakuru,Urban
51,21.63793349,3.122386178,Gitothua,Kiambu,Urban
52,50.43409327,13.10114641,Machewa,Transnzoia,Non-NR
53,39.1087699,14.54276097,Gatuanyaga,Kiambu,Non-NR
54,66.87548313,22.80223641,Kiagu,Meru,Non-NR
55,44.0095418,10.80141076,Westugenya,Siaya,Non-NR
56,98.17682256,76.37174523,Kisanana,Baringo,SR
57,43.79206622,63.00445946,Mackinnonroad,Kwale,SR
58,60.8756196,19.08024251,Nzambani,Kitui,Non-NR
59,19.97552534,1.036627221,Galbet,Garissa,Urban
60,67.3178427,21.23872954,Nyakieast,Meru,Non-NR
61,47.80502054,17.23238359,Nyabasieast,Migori,Non-NR
62,16.98725461,1.09041167,Makongeni,Nairobi,Urban
63,31.77734979,5.547580807,Kamakwamukaro,Nyeri,Urban
64,42.7953718,14.36155204,Nyota,Nakuru,Non-NR
65,15.61103232,1.511988703,Mlangokubwa,Nairobi,Urban
66,54.15777296,29.43282063,Makindu,Makueni,SR
67,48.90738648,14.10590372,Kanyamwakologi,Homabay,Non-NR
68,32.2585237,117.1220443,Benane,Wajir,NR
69,35.66504879,7.232257722,Westkisumu,Kisumu,Urban
70,30.26632554,6.262896141,Koyonzo,Kakamega,Urban
71,49.97159709,15.27452388,Westsakwa,Siaya,Non-NR
72,41.32259354,9.410280718,Northgem,Siaya,Non-NR
73,52.35817204,39.68572104,Nkareta,Narok,SR
74,46.67897402,8.529574026,Boikanga,Kisii,Non-NR
75,36.62600778,12.51669934,Igwamiti,Laikipia,Urban
76,24.59103039,2.995535372,Sunacentral,Migori,Urban
77,29.58948157,4.910042091,Kipchebor,Kericho,Urban
78,44.98595353,14.40957044,Gembe,Homabay,Non-NR
79,43.31919344,45.55351588,Ildamat,Kajiado,SR
80,40.84402106,9.038084093,Eastasembo,Siaya,Non-NR
81,68.5848369,52.73989714,Ikutha,Kitui,SR
82,2.02E+11,5.482360484,Kapkures,Nakuru,Non-NR
83,55.8138816,27.08927714,Mariashoni,Nakuru,Non-NR
84,65.78770029,45.96204521,Kasigau,Taitataveta,SR
85,20.11778237,1.436873873,Landimawe,Nairobi,Urban
86,52.22111197,19.69440456,Murinduko,Kirinyaga,Non-NR
87,32.74696488,11.67834719,Makerero,Migori,Urban
88,35.22835899,19.55024474,Lokichar,Turkana,NR
89,22.26772959,4.256977665,Malinditown,Kilifi,Urban
90,45.2860784,9.283941248,Kibingei,Bungoma,Non-NR
91,82.59786615,100.3894813,Riwo,Westpokot,SR
92,66.20509012,19.03662391,Chebunyo,Bomet,Non-NR
93,65.9162317,25.31643986,Kyangwithyawest,Kitui,Non-NR
94,44.75285579,24.88534086,Magarini,Kilifi,Non-NR
95,25.87335836,7.819157456,Amwathi,Meru,Urban
96,45.54752078,11.01049058,Ganga,Tharakanithi,Non-NR
97,58.52232036,31.18565909,Pongwekikoneni,Kwale,SR
98,39.78829008,10.32580268,Werugha,Taitataveta,Non-NR
99,14.34769411,0.386721623,Kariobanginorth,Nairobi,Urban
100,29.71947344,8.712194247,Hellsgate,Nakuru,Urban
101,53.17563779,12.90728279,Westkabras,Kakamega,Non-NR
102,31.56663182,7.742031293,Murarandia,Murang'A,Urban
103,42.50890526,12.45659857,Kipkelion,Kericho,Non-NR
104,43.71797033,9.823471901,Centralkasipul,Homabay,Non-NR
105,45.38804179,12.04684782,Cheboin,Kericho,Non-NR
106,20.70544682,1.224660663,Marketmilimani,Kisumu,Urban
107,43.59734404,480.4375753,Danaba,Wajir,SR
108,83.83979346,89.00861373,Bartabwa,Baringo,SR
109,50.37832963,69.89346769,Adu,Kilifi,SR
110,57.63038863,15.80381323,Kianjai,Meru,Non-NR
111,42.70531234,339.6417961,Batalu,Wajir,SR
112,39.8197833,9.607459138,Kapletundo,Bureti,Non-NR
113,26.60553224,4.874331814,Homabayarujo,Homabay,Urban
114,46.04967994,15.13963418,Mutithi,Kirinyaga,Non-NR
115,48.77084215,9.714151245,Lumakanda,Kakamega,Non-NR
116,38.38939891,6.605928942,Fino,Mandera,Urban
117,62.92983527,20.64564325,Kipipiri,Nyandarua,Non-NR
118,39.44382757,24.58558689,Kasemeni,Kwale,Non-NR
119,38.45399163,9.059685009,Litein,Kericho,Urban
120,70.21080572,138.1407862,Endaumalalani,Kitui,SR
121,19.06674665,0.25234098,Pangani,Nairobi,Urban
122,57.06993597,0,Danyere,Garissa,Non-NR
123,21.74873078,3.956641863,Githunguri,Kiambu,Urban
124,21.74203142,15.25097886,Chewani,Tanariver,Urban
125,38.49564559,11.01898889,Wote,Makueni,Urban
126,69.42695749,109.698405,Churoamaya,Baringo,SR
127,19.74612541,1.017739646,Mumiasnorth,Kakamega,Urban
128,106.5393841,336.3402341,Modogashe,Garissa,SR
129,24.6531225,7.91863541,Hospital,Nairobi,Urban
130,33.56039481,8.49100971,Ithiru,Murang'A,Urban
131,30.2384278,6.349109863,Karumandi,Kirinyaga,Urban
132,51.31407644,12.418708,Eastkabras,Kakamega,Non-NR
133,50.52835799,12.9827049,Likuyani,Kakamega,Non-NR
134,37.78532642,467.9091415,Kapedonapeitom,Turkana,NR
135,33.40136596,9.171575489,Sinoko,Kakamega,Urban
136,49.56308025,29.34586691,Maimahiu,Nakuru,SR
137,39.59339229,12.79119719,Kachieng,Migori,Non-NR
138,45.25707107,180.4152915,Lakezone,Turkana,SR
139,53.71743415,17.92024485,Kanuni,Meru,Non-NR
140,45.23370972,11.57448381,Westkasipul,Homabay,Non-NR
141,18.5449675,0.365122479,Pumwani,Nairobi,Urban
142,45.52390105,9.766591989,Sigowet,Kericho,Non-NR
143,28.33119377,5.707091896,Dekaharia,Garissa,Urban
144,31.28048625,37.61358379,Sericho,Isiolo,NR
145,58.69968867,23.25291623,Kaikorkaaleng,Turkana,Non-NR
146,52.98267658,39.4560387,Melili,Narok,SR
147,43.85329911,6.671921669,Majogebasi,Kisii,Non-NR
148,28.83311635,8.366592781,Kariara,Murang'A,Urban
149,43.11212885,159.7268434,Kargisouthhorr,Marsabit,SR
150,36.52025944,15.50118678,Mwawesa,Kilifi,Urban
151,35.55090986,7.885580593,Nabiswa,Transnzoia,Urban
152,54.54521738,132.7129514,Elwaknorth,Mandera,SR
153,24.19236347,19.58158281,Bura,Tanariver,NR
154,38.16594314,10.3024749,Naromorukiamathaga,Nyeri,Urban
155,21.94924639,3.015110064,Karai,Kiambu,Urban
156,46.55188095,8.922954456,Bomwagamo,Nyamira,Non-NR
157,45.47159617,14.63911359,Kithimani,Machakos,Non-NR
158,16.08708941,0,Township,Garissa,Urban
159,27.5732419,5.244514301,Banissa,Mandera,Urban
160,44.58836038,9.74116003,Mukuyuni,Bungoma,Non-NR
161,37.45478472,62.49990948,Kalokol,Turkana,NR
162,63.59960527,33.33974538,Buramwatate,Taitataveta,SR
163,29.17337873,4.781820703,Karen,Nairobi,Urban
164,16.37755153,0.418660246,Lowersavannah,Nairobi,Urban
165,65.02216854,1150.484433,Lagsure,Mandera,SR
166,88.43924768,35.27928909,Muvaukikuumini,Makueni,SR
167,58.53681551,26.74409432,Sambirir,Elgeyomarakwet,Non-NR
168,20.50845234,2.795229246,Kasarani,Nairobi,Urban
169,43.90345466,10.00584106,Kangundoeast,Machakos,Non-NR
170,55.9601268,19.25473955,Sangalokebulonik,Nandi,Non-NR
171,39.46273573,145.0362322,Gurar,Wajir,SR
172,27.03081511,4.39496414,Ahero,Kisumu,Urban
173,51.10954769,11.7368639,Northseme,Kisumu,Non-NR
174,37.0956094,7.295634358,Central,Homabay,Urban
175,34.41647157,9.147922038,Kanyenyaini,Murang'A,Urban
176,31.76211289,5.00688195,Magenche,Kisii,Urban
177,24.56114733,4.890963275,Githiga,Kiambu,Urban
178,57.80834329,21.29386568,Muthwani,Machakos,Non-NR
179,23.5400198,4.51186671,Nyadhuna,Kiambu,Urban
180,81.03884821,144.9770935,Ribkwo,Baringo,SR
181,41.55565347,9.472883216,Chemagel,Bureti,Non-NR
182,29.06932646,98.96088979,Logologo,Marsabit,NR
183,29.20987016,7.757111235,Gatanga,Murang'A,Urban
184,82.87782453,45.11364017,Chuluni,Kitui,SR
185,39.90640389,305.7829017,Lakoleysouthbasir,Wajir,SR
186,52.93160695,17.61919848,Kipsomba,Uasingishu,Non-NR
187,22.00097918,8.212485142,Mikinduni,Tanariver,Urban
188,55.7479561,34.4139503,Arror,Elgeyomarakwet,SR
189,28.72738402,13.30349795,Bunyalasouth,Busia,Urban
190,30.74895722,7.511198341,Kiru,Murang'A,Urban
191,71.82938434,27.88317815,Songhorsoba,Nandi,Non-NR
192,56.17895033,19.71492968,Centralsakwa,Siaya,Non-NR
193,24.53621797,1.267581147,Ngara,Nairobi,Urban
194,32.90714343,7.223086732,Riana,Kisii,Urban
195,106.4906445,53.5461873,Kitisekithuki,Makueni,SR
196,40.46115805,15.1378941,Mnarani,Kilifi,Non-NR
197,24.54403546,5.085566855,Kangeta,Meru,Urban
198,29.864613,4.064729592,Jepkoyai,Vihiga,Urban
199,31.91445535,7.383885359,Kiriita,Nyandarua,Urban
200,35.22304735,9.940194167,Boito,Bureti,Urban
201,46.42774077,17.15860292,Kasikeu,Makueni,Non-NR
202,25.70647051,4.977885587,Mugwe,Tharakanithi,Urban
203,26.33619985,4.295178398,Itibo,Nyamira,Urban
204,60.36271663,21.93757763,Wasimbete,Migori,Non-NR
205,40.83470282,7.861585952,Bogichora,Nyamira,Non-NR
206,96.46804115,45.70997769,Kalawa,Makueni,SR
207,93.52366765,71.29440912,Emining,Baringo,SR
208,43.61341885,15.37860795,Mwiyogoendarasha,Nyeri,Non-NR
209,43.83740775,11.42074289,Ndalu,Bungoma,Non-NR
210,36.58650475,12.68716242,Kabazi,Nakuru,Urban
211,45.21175498,9.509148112,Kanyekini,Kirinyaga,Non-NR
212,65.78795174,27.20970169,Cheraganychebororwa,Elgeyomarakwet,Non-NR
213,16.88443228,0.12486076,Tuwani,Transnzoia,Urban
214,50.08562039,12.53079542,Akirangondu,Meru,Non-NR
215,29.14868571,16.68480528,Naroktown,Narok,NR
216,66.19476802,25.26544209,Mulango,Kitui,Non-NR
217,31.39958609,6.732645363,Iriaini,Nyeri,Urban
218,51.66266202,32.95006575,Burat,Isiolo,SR
219,42.3547855,92.64307969,Lapur,Turkana,SR
220,24.33433548,5.299559708,Isibania,Migori,Urban
221,39.72533425,8.374703821,Kapkangani,Nandi,Non-NR
222,67.38018532,20.34888953,Kisaukiteta,Makueni,Non-NR
223,95.7905624,48.11453749,Kivaa,Machakos,SR
224,30.91384501,9.35904885,Kinale,Kiambu,Urban
225,38.40575573,18.24963158,Chemilil,Kisumu,NR
226,30.73171651,7.933751762,Chania,Kiambu,Urban
227,26.17090178,6.1971918,Marsabitcentral,Marsabit,Urban
228,45.95480133,13.85171279,Keringet,Nakuru,Non-NR
229,65.24755596,60.47219585,Hindi,Lamu,SR
230,40.36487313,8.882557,Westgem,Homabay,Non-NR
231,65.28709719,30.44052233,Kitengela,Kajiado,SR
232,59.13648779,45.43588682,Salama,Laikipia,SR
233,34.64690672,10.67422532,Githobokoni,Kiambu,Urban
234,38.02439394,19.17512882,Viwandani,Nakuru,NR
235,43.28390574,9.247885447,Bukembewest,Bungoma,Non-NR
236,47.90386893,143.4999565,Masalani,Garissa,SR
237,18.0906387,1.539738885,Ntimaeast,Meru,Urban
238,27.91515955,7.719827865,Gathigiriri,Kirinyaga,Urban
239,34.47586896,7.343637947,Isukhanorth,Kakamega,Urban
240,28.57193999,7.601014064,Ruchu,Murang'A,Urban
241,31.62810436,6.259078133,Homabaycentral,Homabay,Urban
242,28.6445394,3.544030258,Wodanga,Vihiga,Urban
243,29.53024667,6.223874702,Gatimu,Nyandarua,Urban
244,46.85894488,8.396819747,Bosotisengera,Kisii,Non-NR
245,29.7181759,5.58283771,Mayoni,Kakamega,Urban
246,41.02552763,23.75846236,Ijara,Garissa,Non-NR
247,39.7347635,72.68874671,Luliseyemole,Mandera,SR
248,35.1423634,68.36921311,Sarman,Wajir,NR
249,35.11945915,6.749608111,Township,Wajir,Urban
250,25.36228631,4.349555553,Kiuu,Kiambu,Urban
251,46.82415842,11.24523731,Elugulu,Busia,Non-NR
252,29.63843971,6.963083147,Muruka,Murang'A,Urban
253,30.34238773,50.85155396,Damajale,Garissa,NR
254,42.65467313,14.47451377,Gatarakwa,Nyeri,Non-NR
255,51.89330788,12.44202989,Eastsangalo,Bungoma,Non-NR
256,42.58450885,144.1089556,Nachola,Samburu,SR
257,30.91062503,27.89986086,Shella,Lamu,NR
258,44.12296698,7.581356149,Bobasichache,Kisii,Non-NR
259,26.72680031,3.570986921,Bogeka,Kisii,Urban
260,45.25834536,9.963322816,Ntunene,Meru,Non-NR
261,50.67523677,12.15408466,Terik,Nandi,Non-NR
262,62.42905553,38.69316093,Loosuk,Samburu,SR
263,46.02430755,12.69233341,Kosirai,Nandi,Non-NR
264,74.68753597,32.64379472,Koibatek,Baringo,SR
265,40.45896959,24.35507541,Kaputieinorth,Kajiado,Non-NR
266,35.15271984,8.034573628,Kapkatet,Kericho,Urban
267,39.68059073,12.22864105,Kalimoni,Kiambu,Non-NR
268,44.64635659,13.04067415,Mbitini,Makueni,Non-NR
269,63.87226904,27.76539329,Karunameibeki,Uasingishu,Non-NR
270,23.03703147,2.644846831,Moyaletownship,Marsabit,Urban
271,41.28478365,11.61277988,Kuinetkapsuswa,Uasingishu,Non-NR
272,89.46943134,48.02189935,Ikangakyatune,Kitui,SR
273,45.06660717,10.47393442,Bunyalacentral,Kakamega,Non-NR
274,96.52868417,42.25071793,Makima,Embu,SR
275,21.53838299,1.881413358,Mkomani,Mombasa,Urban
276,46.28815167,7.991715584,Kisanorth,Kakamega,Non-NR
277,31.05530325,6.272738332,Kongoni,Kakamega,Urban
278,74.7861552,23.96788796,Kyeleni,Machakos,Non-NR
279,41.23478568,18.12904888,Kamberibe,Kilifi,Non-NR
280,45.29669013,873.1789152,Ibrahimure,Wajir,SR
281,42.71145399,178.2871518,Uran,Marsabit,SR
282,43.67925455,10.71647141,Kabwareng,Nandi,Non-NR
283,34.79488529,9.764107462,Kamahuha,Murang'A,Urban
284,28.01500419,6.6594188,Mugoiri,Murang'A,Urban
285,29.65701867,7.575465448,Nginda,Murang'A,Urban
286,22.02596856,1.928001212,Kipkenyo,Uasingishu,Urban
287,47.52794422,14.89900529,Tulwetchuiyat,Uasingishu,Non-NR
288,96.18076981,788.1838254,Dertu,Garissa,SR
289,27.89581277,7.590672804,Chinga,Nyeri,Urban
290,56.91180798,87.14425107,Entonetlenkisim,Kajiado,SR
291,70.16563121,22.70827989,Wanjohi,Nyandarua,Non-NR
292,28.04073456,6.739326356,Mahiga,Nyeri,Urban
293,44.17732381,14.14637879,Chepseon,Kericho,Non-NR
294,55.2687074,16.86192376,Kanyadoto,Homabay,Non-NR
295,33.86707247,9.267123815,Ntimarueast,Migori,Urban
296,19.15690978,1.214933099,Gitaru,Kiambu,Urban
297,32.89605339,5.101743681,Maraka,Bungoma,Urban
298,58.34691715,137.9425323,Baawa,Samburu,SR
299,40.62713257,7.694350827,Kabuchaichwele,Bungoma,Non-NR
300,20.11377069,1.94035213,Muchatha,Kiambu,Urban
301,11.71865584,0,Dandoraareaiii,Nairobi,Urban
302,76.04302502,164.4081278,Loiyamorock,Baringo,SR
303,15.70989568,0.61229498,Freretown,Mombasa,Urban
304,34.02909578,8.009083159,Tebere,Kirinyaga,Urban
305,28.53410078,18.39738426,Chepchabas,Kericho,NR
306,27.99389213,5.274177734,Dundori,Nakuru,Urban
307,37.89763665,10.12853476,Gakawa,Nyeri,Urban
308,37.7400971,12.70153388,Mweiga,Nyeri,Urban
309,29.44319811,9.04086844,Athiriver,Machakos,Urban
310,29.45716304,5.426875099,Butsotsosouth,Kakamega,Urban
311,44.98780675,9.493972619,Westsangalo,Bungoma,Non-NR
312,74.21406369,53.83340856,Ilchamus,Baringo,SR
313,32.25552923,10.11165626,Kiganjomathari,Nyeri,Urban
314,16.19199203,0.253149658,Mtopanga,Mombasa,Urban
315,48.74257234,11.30365356,Khasoko,Bungoma,Non-NR
316,48.84509607,15.32594577,Nachu,Kiambu,Non-NR
317,35.7030965,6.779528176,Lwandeti,Kakamega,Urban
318,36.86793792,10.76286725,Gaturi,Murang'A,Urban
319,43.63437795,9.984148472,Cheptororietseretut,Kericho,Non-NR
320,43.28201027,150.0366656,Keriodelta,Turkana,SR
321,67.91681687,26.71022467,Central,Nyandarua,Non-NR
322,99.59215239,70.48700004,Hongwe,Lamu,SR
323,68.47175419,24.52599001,Kwabwai,Homabay,Non-NR
324,45.75983614,302.0386561,Lagbogholsouth,Wajir,SR
325,60.57861947,47.41239161,Lodokejek,Samburu,SR
326,28.52923836,4.155498231,Racecourse,Uasingishu,Urban
327,20.08451871,1.607573155,Claycity,Nairobi,Urban
328,45.40557501,10.57098193,Eastgem,Siaya,Non-NR
329,44.0047781,7.231957151,Isukhawest,Kakamega,Non-NR
330,62.8789803,46.56211004,Marigat,Baringo,SR
331,42.26480761,6.990308932,Ichuni,Kisii,Non-NR
332,98.63806341,59.82160149,Kanyangi,Kitui,SR
333,40.79718314,11.52547716,Usonga,Siaya,Non-NR
334,16.22835795,0.596374894,Southc,Nairobi,Urban
335,30.58859472,6.065339808,Kathianicentral,Machakos,Urban
336,43.59303802,13.69312492,Nthawa,Embu,Non-NR
337,68.30917145,20.77771669,Kola,Machakos,Non-NR
338,52.61313668,29.90667369,Mochongoi,Baringo,SR
339,26.06334447,3.252670147,Oloolua,Kajiado,Urban
340,27.39828766,194.1708742,Balambala,Garissa,NR
341,13.70040193,0,Uppersavannah,Nairobi,Urban
342,20.02685959,1.697895234,Menengai,Nakuru,Urban
343,19.12588156,0.987408799,Sheywe,Kakamega,Urban
344,95.20060055,54.1247874,Kwavonzayatta,Kitui,SR
345,29.88106951,9.079589309,Maunarok,Nakuru,Urban
346,52.90183867,13.06703388,Mikinduri,Meru,Non-NR
347,31.80902342,8.807249137,Gituamba,Kiambu,Urban
348,26.960348,63.03315247,Garsennorth,Tanariver,NR
349,23.46386542,2.754832202,Ndumberi,Kiambu,Urban
350,65.53226823,24.69336061,Kilgoriscentral,Narok,Non-NR
351,44.06037132,7.668913896,Idakhoeast,Kakamega,Non-NR
352,40.64340507,11.8890465,Kagaarisouth,Embu,Non-NR
353,27.77811234,4.29557503,Bombababorabu,Kisii,Urban
354,18.24982376,1.393165266,Pipeline,Nairobi,Urban
355,68.47450012,23.80478682,Masaba,Migori,Non-NR
356,46.35468781,13.43422739,Westuyoma,Siaya,Non-NR
357,36.15043907,11.79037035,Mosop,Nakuru,Urban
358,57.41963354,19.52739214,Kaplelartet,Kericho,Non-NR
359,23.16392447,2.869675096,Bonyamatuta,Nyamira,Urban
360,19.68874461,0,Eastleighnorth,Nairobi,Urban
361,45.45245502,12.04473046,Homabaywest,Homabay,Non-NR
362,50.86539206,20.7169347,Mugunda,Nyeri,Non-NR
363,90.73103801,54.38848799,Chemililchemase,Nandi,SR
364,59.04496351,69.77124859,Dalalekutuk,Kajiado,SR
365,29.05465131,6.150202495,Konyu,Nyeri,Urban
366,45.24214568,10.35007081,Waldai,Kericho,Non-NR
367,19.48680396,2.018377416,Huruma,Uasingishu,Urban
368,45.41523349,7.285014787,Isukhacentral,Kakamega,Non-NR
369,,,,,Urban
370,37.77960007,8.766200847,Northkamagambo,Migori,Urban
371,32.97514071,11.72913257,Kaptarakwa,Elgeyomarakwet,Urban
372,47.35070498,12.03142184,Southgem,Siaya,Non-NR
373,27.93946988,6.725152425,Athiruruujine,Meru,Urban
374,37.26555886,9.052437828,Kaplamai,Transnzoia,Urban
375,48.31897939,12.32950254,Northuyoma,Siaya,Non-NR
376,66.56960451,31.67067501,Katangi,Machakos,SR
377,54.48686543,72.64311815,Angatananyokie,Samburu,SR
378,50.66223536,112.0375337,Matapatonorth,Kajiado,SR
379,33.52329737,6.558898122,Inoi,Kirinyaga,Urban
380,58.31818467,16.62598122,Kipsonoi,Bomet,Non-NR
381,37.09540388,7.880361348,Centralseme,Kisumu,Urban
382,37.78659225,7.898663565,Northkarachuonyo,Homabay,Urban
383,46.39923114,190.4184522,Abakaile,Garissa,SR
384,29.84863375,3.811491292,Wemilabi,Vihiga,Urban
385,42.69883346,10.98574991,Matayossouth,Busia,Non-NR
386,47.10381471,20.85081072,Soin,Nakuru,Non-NR
387,44.91692947,8.305409932,Misikhu,Bungoma,Non-NR
388,51.157149,11.31915175,Sango,Kakamega,Non-NR
389,28.62599504,5.958651363,Magutu,Nyeri,Urban
390,31.12085727,38.98773248,Garsensouth,Tanariver,NR
391,15.74627459,0,Kivumbini,Nakuru,Urban
392,30.52564128,7.348959215,Sololo,Marsabit,Urban
393,34.7606129,83.76384563,Sala,Tanariver,NR
394,42.21440095,7.405908756,Birongo,Kisii,Non-NR
395,48.69864139,11.38805946,Etenje,Kakamega,Non-NR
396,39.10528668,8.335697129,Kibiri,Homabay,Non-NR
397,55.06944864,18.36142261,Ziwa,Uasingishu,Non-NR
398,38.36404708,6.651865719,Kamukuywa,Bungoma,Urban
399,42.83167275,7.861094965,Gesima,Nyamira,Non-NR
400,89.6845423,59.46905585,Mui,Kitui,SR
401,30.99970793,5.185409305,Tambua,Vihiga,Urban
402,54.93919048,18.13105518,Malabasouth,Busia,Non-NR
403,34.30017168,6.143801743,Lusheyalubinu,Kakamega,Urban
404,17.66926207,0.455205176,Likoni,Mombasa,Urban
405,25.25355359,2.867667547,Railways,Kisumu,Urban
406,42.85092469,8.214686738,Westnalondo,Bungoma,Non-NR
407,42.56290031,6.490171756,Isukhasouth,Kakamega,Non-NR
408,60.24791414,25.06391057,Ndithini,Machakos,Non-NR
409,29.84364716,945.4123584,Basuba,Lamu,NR
410,44.87418952,10.32796484,Cheptais,Bungoma,Non-NR
411,17.37524942,1.275108553,Uthiruruthimitu,Nairobi,Urban
412,20.80258825,0.820210709,Kitutucentral,Kisii,Urban
413,35.33565348,7.582133873,Kiptuya,Nandi,Urban
414,31.50835579,8.669490597,Kinyona,Murang'A,Urban
415,26.10541059,5.4487429,Kirimani,Embu,Urban
416,34.77093587,7.839400378,Southwestkisumu,Kisumu,Urban
417,26.06498145,4.331864091,Lanetumoja,Nakuru,Urban
418,17.41934228,1.335378384,Maringohamza,Nairobi,Urban
419,108.1310572,54.34357907,Kikumbulyunorth,Makueni,SR
420,20.3677833,1.168159478,Bullampya,Mandera,Urban
421,44.10091604,8.02538129,Basicentral,Kisii,Non-NR
422,54.89311299,19.39097614,Sagamian,Narok,Non-NR
423,32.3744723,8.235722218,Westsakwa,Migori,Urban
424,74.38420889,568.2757943,Silale,Baringo,SR
425,87.49033515,37.13951902,Kibauni,Machakos,SR
426,45.86774332,7.946006663,Kiamokama,Kisii,Non-NR
427,32.72542218,6.20212663,Kolwaeast,Kisumu,Urban
428,98.78081986,57.14299124,Kiambere,Embu,SR
429,18.54941762,1.317450216,Nairobiwest,Nairobi,Urban
430,26.99175952,5.713595486,Iriaini,Nyeri,Urban
431,23.52836513,4.766664193,Ikinu,Kiambu,Urban
432,36.15361581,6.415890815,Bukembeeast,Bungoma,Urban
433,23.10540273,2.885352656,Mumiascentral,Kakamega,Urban
434,44.71035196,15.94718875,Wagberi,Wajir,Non-NR
435,58.16290694,16.62950096,Ndanaiabosi,Bomet,Non-NR
436,36.52248908,6.873810286,Southeastnyakach,Kisumu,Urban
437,51.58926962,58.4732171,Sugutamarmar,Samburu,SR
438,102.8930601,97.21406508,Tharaka,Kitui,SR
439,31.09034976,4.796897026,Banja,Vihiga,Urban
440,76.1800937,114.9072038,Kodich,Westpokot,SR
441,68.32913574,20.34901509,Ukia,Makueni,Non-NR
442,37.9102377,7.583537463,Kibiri,Homabay,Urban
443,30.11801221,2.746117931,Labasigale,Garissa,Urban
444,29.70671962,5.032093473,Maramacentral,Kakamega,Urban
445,12.34129736,0,Huruma,Nairobi,Urban
446,19.79751744,1.512684984,Shirere,Kakamega,Urban
447,64.22106699,17.25251073,Siongiroi,Bomet,Non-NR
448,57.66821648,25.23411991,Tambach,Elgeyomarakwet,Non-NR
449,58.34245774,16.71557527,Kiiruanaari,Meru,Non-NR
450,47.55461098,9.986103088,Mihuu,Bungoma,Non-NR
451,41.93773231,9.635502647,Westkarachuonyo,Homabay,Non-NR
452,33.52566309,6.780682192,Rusingaisland,Homabay,Urban
453,43.15140323,17.30562414,Ramisi,Kwale,Non-NR
454,26.38584107,42.01890769,Bangale,Tanariver,NR
455,36.19520247,6.871039301,Kojwach,Homabay,Urban
456,33.46071332,6.30682235,Kobura,Kisumu,Urban
457,56.63840795,17.58223966,Wiga,Migori,Non-NR
458,62.53107317,65.04390495,Alale,Westpokot,SR
459,108.562124,51.19820175,Masongaleni,Makueni,SR
460,1.23E+15,5.686885343,Nanyuki,Laikipia,Non-NR
461,60.97932239,26.34189903,Moiben,Uasingishu,Non-NR
462,65.74116171,20.70654244,Mua,Machakos,Non-NR
463,36.05843891,6.547378007,Kangundocentral,Machakos,Urban
464,36.29650976,10.43090558,Kabaru,Nyeri,Urban
465,11.36043691,0.594438696,Gatina,Nairobi,Urban
466,49.37399059,12.78912147,Kaptumokaboi,Nandi,Non-NR
467,45.27754119,142.8221393,Lakezone,Turkana,SR
468,55.72520929,78.29189983,Segera,Laikipia,SR
469,50.29901447,14.09127604,Bwiri,Busia,Non-NR
470,34.95783557,5.04390288,Mayenje,Busia,Urban
471,55.65727861,32.45428208,Olokurto,Narok,SR
472,35.06076131,113.99718,Rhamudimtu,Mandera,NR
473,91.08810673,41.26378362,Masingacentral,Machakos,SR
474,31.9693508,7.266065409,Kirimukuyu,Nyeri,Urban
475,109.1428417,745.9932143,Masool,Westpokot,SR
476,68.87569342,24.92248865,Ruirirwarera,Meru,Non-NR
477,36.704405,21.76797224,Habasswein,Wajir,NR
478,54.86913188,21.76357325,Kabiemit,Elgeyomarakwet,Non-NR
479,38.42519169,9.823841324,Kariti,Kirinyaga,Urban
480,59.45726687,21.22966837,Kanjuirirange,Nyandarua,Non-NR
481,42.6237603,12.35088398,Njukiini,Kirinyaga,Non-NR
482,53.14235093,41.34682735,Mukogondoeast,Laikipia,SR
483,11.46818424,0.382424973,Lindi,Nairobi,Urban
484,47.07605407,22.55880169,Kivou,Kitui,Non-NR
485,42.43365771,15.20294908,Mariani,Tharakanithi,Non-NR
486,17.05072389,0.428126769,Bofu,Mombasa,Urban
487,31.63341159,6.856558751,Kilungu,Makueni,Urban
488,40.32240617,47.88961198,Katilu,Turkana,SR
489,43.04521821,14.86696849,Maralal,Samburu,Non-NR
490,11.83905362,0,Nairobisouth,Nairobi,Urban
491,17.49309787,4.379424512,Letea,Turkana,Urban
492,21.62127051,125.5419307,Kiunga,Lamu,NR
493,76.88560369,34.31987508,Evurore,Embu,SR
494,53.56019343,12.35962663,Eastkamagak,Homabay,Non-NR
495,28.98933258,4.275361382,Boochiborabu,Kisii,Urban
496,27.09638392,24.85678584,Liboi,Garissa,NR
497,42.91194117,604.2048453,Nakalale,Turkana,SR
498,66.49378874,371.3080826,Tirioko,Baringo,SR
499,38.29628914,11.12229643,Kwanza,Transnzoia,Urban
500,58.41319803,15.74022664,Mutarakwa,Bomet,Non-NR
501,28.44841604,4.010752609,Basibogetaorio,Kisii,Urban
502,57.3483701,20.96664462,Melelo,Narok,Non-NR
503,42.52747269,28.72021078,Sagantejaldesa,Marsabit,Non-NR
504,48.03156705,11.38687557,Igojiwest,Meru,Non-NR
505,42.06095689,9.657490721,Kabondowest,Homabay,Non-NR
506,30.30346433,7.193557763,Dedankimathi,Nyeri,Urban
507,50.57664895,122.7079491,Lokorikochodin,Turkana,SR
508,36.62564182,11.47026563,Sabaki,Kilifi,Urban
509,34.28066784,8.209865817,Mangu,Kiambu,Urban
510,49.18762417,79.18815773,Khalalio,Mandera,SR
511,38.72175117,215.7447406,Maikona,Marsabit,NR
512,52.75520556,48.06540922,Mosiro,Narok,SR
513,34.16493174,6.61687022,Kapkugerwet,Kericho,Urban
514,41.54186061,9.223495724,Nambaletownship,Busia,Non-NR
515,13.55510059,0.550363023,Utawala,Nairobi,Urban
516,15.01303294,0.234460654,Riruta,Nairobi,Urban
517,28.96328865,7.991727371,Molo,Nakuru,Urban
518,40.13441903,12.59325711,Amalo,Nakuru,Non-NR
519,14.63149749,1.029479959,Dadaab,Garissa,Urban
520,68.89229442,74.74432668,Witu,Lamu,SR
521,39.2547795,10.57631261,Naivashaeast,Nakuru,Non-NR
522,47.24501428,115.2415245,Hulugho,Garissa,SR
523,32.40521861,10.09275797,Kiganjo,Kiambu,Urban
524,25.32385359,1.810547439,Iftin,Garissa,Urban
525,24.81290838,8.215888428,Bute,Wajir,Urban
526,50.91801066,15.39294418,Ndeiya,Kiambu,Non-NR
527,57.58267412,103.8653957,Purko,Kajiado,SR
528,41.65737715,11.67681794,Southkanyamkago,Migori,Non-NR
529,50.20614156,18.55521106,Kapsimotwo,Nandi,Non-NR
530,20.3446241,1.078339655,Maua,Meru,Urban
531,31.20891104,21.49922803,Chari,Isiolo,NR
532,42.41429845,9.235263871,Matulo,Bungoma,Non-NR
533,53.39497868,13.28061101,Malakisisouthkulisiru,Bungoma,Non-NR
534,39.89469741,10.72098096,Saimokipsaraman,Baringo,Non-NR
535,31.77184607,8.363193202,Ngechatigoni,Kiambu,Urban
536,31.79484146,8.669764696,Kimulot,Bureti,Urban
537,58.64856316,19.67796793,Muthesya,Machakos,Non-NR
538,56.41254143,3.998603256,Kiliwehiri,Mandera,Non-NR
539,44.48859362,14.97029676,Mwea,Embu,Non-NR
540,51.5144839,322.4956873,Warankara,Mandera,SR
541,56.49370318,30.27477848,Metkei,Elgeyomarakwet,SR
542,45.97922683,8.344816644,Kisawest,Kakamega,Non-NR
543,32.05935094,152.3105827,Sankuri,Garissa,NR
544,28.80831212,6.798467194,Turi,Nakuru,Urban
545,42.97324502,6.861224369,Kisacentral,Kakamega,Non-NR
546,37.99122799,6.938617897,Silibwettownship,Bomet,Urban
547,45.10008836,22.63346288,Miambani,Kitui,Non-NR
548,69.98717607,40.17264567,Soynorth,Elgeyomarakwet,SR
549,39.44545096,9.25060175,Tiwi,Kwale,Non-NR
550,75.93553805,52.70335827,Batei,Westpokot,SR
551,76.64863152,32.28276059,Marmanet,Laikipia,SR
552,26.11306119,3.387506828,Syokimau,Machakos,Urban
553,65.59182668,150.9459912,Golbo,Marsabit,SR
554,30.98351329,8.531594339,Kyangwithyaeast,Kitui,Urban
555,45.32647986,179.4848757,Butiye,Marsabit,SR
556,98.90149089,42.95353858,Mavindini,Makueni,SR
557,45.23358483,14.07523641,Keiyo,Transnzoia,Non-NR
558,31.79203267,4.417122299,Luandasouth,Vihiga,Urban
559,22.348364,2.449570737,Limurucentral,Kiambu,Urban
560,78.74545998,85.89201379,Sokoke,Kilifi,SR
561,48.31934502,9.432556178,Idakhonorth,Kakamega,Non-NR
562,20.30064428,1.119558064,Bullapesa,Isiolo,Urban
563,31.21201719,4.641068662,Marani,Kisii,Urban
564,57.85306765,29.90717346,Tsimbagolini,Kwale,SR
565,127.8112027,435.7093583,Kipiniwest,Tanariver,SR
566,63.80234741,22.85389631,Rurii,Nyandarua,Non-NR
567,74.92309614,27.14178372,Muthetheni,Machakos,Non-NR
568,93.01409153,112.1892334,Sook,Westpokot,SR
569,31.51694044,6.011850657,Ukunda,Kwale,Urban
570,27.56440342,4.132858322,Shamakhokho,Vihiga,Urban
571,50.44753364,19.15976747,Kinondo,Kwale,Non-NR
572,42.83942533,13.53019727,Mfanganoisland,Homabay,Non-NR
573,53.42730684,24.6082398,Dzombo,Kwale,Non-NR
574,30.25508301,7.546994054,Mirangine,Nyandarua,Urban
575,49.2344394,19.6197852,Theguriver,Nyeri,Non-NR
576,37.46025569,162.7717123,Malkamari,Mandera,NR
577,114.095273,90.41373343,Athi,Kitui,SR
578,43.6072053,8.689960534,Ingostsemathia,Kakamega,Non-NR
579,39.87236072,68.50053145,Siana,Narok,SR
580,44.83803015,10.7871506,Kapsoit,Kericho,Non-NR
581,84.69086965,258.9116565,Guticha,Mandera,SR
582,67.71968559,45.87932729,Wumigukishushe,Taitataveta,SR
583,13.94405335,0,Kahawa,Nairobi,Urban
584,19.4028788,1.414003213,Kabete,Kiambu,Urban
585,34.5339605,10.38449269,Ndarugu,Kiambu,Urban
586,30.54059503,8.522653435,Juja,Kiambu,Urban
587,17.68430626,1.583178057,Kihara,Kiambu,Urban
588,33.63597925,7.045423097,Mbooni,Makueni,Urban
589,40.30324776,8.214085458,Bukhayowest,Busia,Non-NR
590,50.28590222,60.94351471,Ewuasooonkidong'I,Kajiado,SR
591,28.71655237,8.216034265,Muhuru,Migori,Urban
592,77.80229208,31.32540539,Nguutani,Kitui,SR
593,19.72455517,0.836217131,Kinoo,Kiambu,Urban
594,46.2274959,12.46423176,Busibwabo,Busia,Non-NR
595,26.36708557,4.082219224,Tabaka,Kisii,Urban
596,62.12689454,22.2435874,Kiambaga,Nyandarua,Non-NR
597,52.78254847,23.97607169,Tigithi,Laikipia,Non-NR
598,43.83035064,10.97232747,Northsakwa,Siaya,Non-NR
599,42.24042102,130.3211917,Ndoto,Samburu,SR
600,51.98854893,11.72236394,Siboti,Bungoma,Non-NR
601,68.47395006,22.80055195,Matunguluwest,Machakos,Non-NR
602,34.79828949,6.584632635,Westkamagak,Homabay,Urban
603,18.72216761,1.676745757,Muguga,Kiambu,Urban
604,22.7323246,2.523217012,Boochitendere,Kisii,Urban
605,50.07123062,12.46430562,Mandashivanga,Kakamega,Non-NR
606,46.8148323,15.08950948,Kambiti,Murang'A,Non-NR
607,30.32196208,3.823765561,Mwibona,Vihiga,Urban
608,30.35251611,7.522685311,Lodwartownship,Turkana,Urban
609,43.9505206,21.75178645,Maiella,Nakuru,Non-NR
610,98.55718332,75.76462655,Kyuso,Kitui,SR
611,50.33064022,19.82831876,Migwani,Kitui,Non-NR
612,47.26038208,16.56548863,Siyoi,Westpokot,Non-NR
613,40.6232063,9.004062508,Nangina,Busia,Non-NR
614,44.95136313,14.47577833,Chepkorio,Elgeyomarakwet,Non-NR
615,100.8557524,1917.910004,Hadadoathibohol,Wajir,SR
616,35.98462278,5.726931243,Township,Mandera,Urban
617,40.85020205,9.216759516,Matungulueast,Machakos,Non-NR
618,14.73795294,0,Umojai,Nairobi,Urban
619,50.18590341,10.43120539,Namwela,Bungoma,Non-NR
620,16.70767017,0.889643153,Chaani,Mombasa,Urban
621,42.72467384,15.90162965,Central,Kitui,Non-NR
622,36.27992256,10.98706337,Elburgon,Nakuru,Urban
623,63.1084782,20.21798616,Tagare,Migori,Non-NR
624,36.39101744,5.809094028,Kegogi,Kisii,Urban
625,65.96985987,18.68889482,Kamasian,Kericho,Non-NR
626,45.10822894,170.9764684,Ngaremara,Isiolo,SR
627,34.19032936,26.36694055,Korrngurunit,Marsabit,NR
628,77.60485321,125.1544742,Mutha,Kitui,SR
629,105.251916,73.42462533,Mkunumbi,Lamu,SR
630,40.1884974,9.635767796,Homabayeast,Homabay,Non-NR
631,64.04951197,23.73740716,Kaler,Migori,Non-NR
632,49.75294286,517.5553865,Obbu,Marsabit,SR
633,42.72643622,12.67609019,Makuyu,Murang'A,Non-NR
634,61.40148118,18.59889919,Mitunguu,Meru,Non-NR
635,37.48680166,14.47579803,Kakuzimitubiri,Murang'A,Urban
636,37.94457423,12.5237375,Emalimulala,Makueni,Urban
637,18.9269717,0.779006277,Sokoni,Kilifi,Urban
638,69.23162473,27.90855997,Soliat,Kericho,Non-NR
639,14.33790936,0,Umojaii,Nairobi,Urban
640,53.62954296,13.46788988,Anguraieast,Busia,Non-NR
641,28.699644,6.008387585,Kagaarinorth,Embu,Urban
642,28.43131137,6.55765048,Township,Murang'A,Urban
643,48.7930603,96.17757022,Oldonyiro,Isiolo,SR
644,26.53694534,4.315853492,Hospital,Transnzoia,Urban
645,14.18511946,0.441717958,Komarock,Nairobi,Urban
646,55.21426756,32.46631999,Vanga,Kwale,SR
647,40.24346773,11.57591581,Ndaraweta,Bomet,Non-NR
648,48.41900227,191.6350622,Wargadud,Wajir,SR
649,44.48717164,19.58744192,Olmoran,Laikipia,Non-NR
650,51.56628738,23.11640929,Mukothima,Tharakanithi,Non-NR
651,18.60996362,2.14710444,Mwiki,Nairobi,Urban
652,44.64754709,31.57098051,Eldas,Wajir,SR
653,16.1065712,0,Makina,Nairobi,Urban
654,35.84456585,8.42215655,Kiine,Kirinyaga,Urban
655,51.2527788,16.65317445,Chepsirokiptoror,Transnzoia,Non-NR
656,16.36281641,0.462749002,Waithaka,Nairobi,Urban
657,25.25434585,1.290521582,Parklandshighridge,Nairobi,Urban
658,72.50987994,93.3051232,Sekerr,Westpokot,SR
659,63.84851082,20.71498884,Eastkanowawidhi,Kisumu,Non-NR
660,27.13684089,21.22227821,Kinna,Isiolo,NR
661,20.95345962,2.196949898,Bamburi,Mombasa,Urban
662,61.75830051,19.120421,Weru,Nyandarua,Non-NR
663,31.75351545,5.168361787,Southmaragoli,Vihiga,Urban
664,16.88911905,0.989443009,Junda,Mombasa,Urban
665,23.18132687,5.249949021,Kiamwangi,Kiambu,Urban
666,49.26131449,19.98422182,Soin,Kericho,Non-NR
667,26.76707193,6.604033156,Abogetaeast,Meru,Urban
668,73.54604911,156.517485,Endugh,Westpokot,SR
669,46.81056806,17.94052879,Moibenkuserwo,Elgeyomarakwet,Non-NR
670,57.96229724,37.15218082,Rombo,Kajiado,SR
671,22.62132331,1.785291126,Babadogo,Nairobi,Urban
672,92.16126977,153.8430071,Suam,Westpokot,SR
673,30.99835833,6.591125924,Geta,Nyandarua,Urban
674,57.81761411,81.39138666,Sosian,Laikipia,SR
675,24.16033962,2.346035438,Kolwacentral,Kisumu,Urban
676,32.32038195,11.06835964,Mbololo,Taitataveta,Urban
677,54.31552525,26.99126793,Ronge,Taitataveta,Non-NR
678,72.66450751,26.99691599,Chepyuk,Bungoma,Non-NR
679,27.09530476,5.559517129,Bidii,Transnzoia,Urban
680,30.01949503,5.768607095,Karatinatown,Nyeri,Urban
681,17.0788362,0.591326392,Tudor,Mombasa,Urban
682,55.74837216,13.71313706,Westnyakach,Kisumu,Non-NR
683,38.64589934,8.438947664,Kapsuser,Kericho,Urban
684,23.11203757,2.472373269,Wabera,Isiolo,Urban
685,39.20167318,6.654277318,Kendubaytown,Homabay,Non-NR
686,48.6181154,47.34870667,Goreale,Garissa,SR
687,35.25274142,8.510316697,Eastkamagambo,Migori,Urban
688,42.77870076,14.4838064,Kibarani,Kilifi,Non-NR
689,40.98447106,10.32031014,Angorom,Busia,Non-NR
690,37.01021693,7.190364211,Westseme,Kisumu,Urban
691,35.35079194,11.2496052,Bunyalacentral,Busia,Urban
692,16.00735966,0.660527591,Mutuini,Nairobi,Urban
693,35.9880006,9.260590648,Kabare,Kirinyaga,Urban
694,43.20246791,14.6923289,Chepkunyuk,Nandi,Non-NR
695,26.15028382,49.33719874,Kinakomba,Tanariver,NR
696,32.21817293,77.87797154,Malkagufu,Wajir,NR
697,70.77935848,686.8424226,Kangatotha,Turkana,SR
698,30.73301896,7.360801619,Kabatini,Nakuru,Urban
699,44.1877689,40.53581453,Keekonyokie,Kajiado,SR
700,40.98949249,13.20226315,Tarakwa,Uasingishu,Non-NR
701,42.64330687,52.30798598,Neboi,Mandera,SR
702,62.76753445,22.60864027,Githioro,Nyandarua,Non-NR
703,35.42287637,8.070216289,Mitaboni,Machakos,Urban
704,62.12828833,24.23123752,Tembelio,Uasingishu,Non-NR
705,39.09901833,9.366198512,Kithungokitundu,Makueni,Non-NR
706,23.45960055,2.521494106,Bobaracho,Kisii,Urban
707,39.3438343,8.826246477,Khalaba,Kakamega,Non-NR
708,43.58880649,6.726639082,Idakhocentral,Kakamega,Non-NR
709,25.91825876,6.44154571,Kakuma,Turkana,Urban
710,49.40660164,11.65487273,Butalichegulo,Kakamega,Non-NR
711,46.55725237,82.13758077,Garsencentral,Tanariver,SR
712,27.26328439,60.30909345,Garbatulla,Isiolo,NR
713,23.6606934,2.669781511,Sigona,Kiambu,Urban
714,61.01245493,16.79195662,Nyangores,Bomet,Non-NR
715,91.84103911,420.8844988,Illeret,Marsabit,SR
716,67.02423142,91.1978591,Imaroro,Kajiado,SR
717,34.27988875,8.967531685,Kiminini,Transnzoia,Urban
718,66.82082283,32.11406427,Kubosouth,Kwale,SR
719,39.0968905,11.34257847,Moisbridge,Uasingishu,Non-NR
720,34.6464427,10.45247992,Kikumbulyusouth,Makueni,Urban
721,12.0867062,0,Kware,Nairobi,Urban
722,50.3348799,11.65165118,Chevaywa,Kakamega,Non-NR
723,54.40088383,25.47171588,Mwandamgange,Taitataveta,Non-NR
724,50.67524433,12.92978406,Merigi,Bomet,Non-NR
725,34.97307394,9.420255342,Gatitumuruguru,Nyeri,Urban
726,66.63096609,24.74576347,Athwana,Meru,Non-NR
727,40.15013984,18.21448416,Ruruma,Kilifi,Non-NR
728,24.75227487,4.464670996,Magumoni,Tharakanithi,Urban
729,48.77573671,11.58122309,Kiguchwa,Meru,Non-NR
730,45.23166697,23.90275831,Oloosirkonsholinke,Kajiado,Non-NR
731,39.83725907,7.457867363,Magombo,Nyamira,Non-NR
732,43.01733027,9.960237923,Northalego,Siaya,Non-NR
733,50.2380028,17.29902742,Lambwe,Homabay,Non-NR
734,51.95669342,455.8136401,Lokiriamalorengippi,Turkana,SR
735,47.30801959,25.41592431,Kimana,Kajiado,Non-NR
736,49.76913305,13.39152082,Kilibwoni,Nandi,Non-NR
737,58.16837036,14.1262804,Mbeu,Meru,Non-NR
738,41.80829875,16.89905304,Kapchemutwa,Elgeyomarakwet,Non-NR
739,15.52127882,0.699237004,Uthiru,Kiambu,Urban
740,51.03138887,14.50616912,Kanyamwakosewe,Homabay,Non-NR
741,54.80083081,24.39993046,Rumakaksingirieast,Homabay,Non-NR
742,44.47221689,111.9393178,Mosiro,Kajiado,SR
743,75.34519881,34.50964646,Sergoit,Uasingishu,SR
744,41.99887372,16.29924479,Kabartonjo,Baringo,Non-NR
745,19.08457107,1.402890188,Mahiakalo,Kakamega,Urban
746,43.88456431,16.05219171,Mnangei,Westpokot,Non-NR
747,86.8934866,42.06146964,Kyomethaana,Kitui,SR
748,79.25732086,153.0238116,Kiwawa,Westpokot,SR
749,41.38043257,12.42218398,Kapsowar,Elgeyomarakwet,Non-NR
750,57.12287866,18.18775662,Kipkaren,Nandi,Non-NR
751,14.53063491,0.290336294,Kayolenorth,Nairobi,Urban
752,43.65145523,8.319339635,Nyakiwest,Meru,Non-NR
753,53.93576395,12.70249224,Godjope,Migori,Non-NR
754,40.62034629,12.23497304,Githiga,Laikipia,Non-NR
755,19.61960427,1.934410843,Utalii,Nairobi,Urban
756,13.83036672,0,Kangemi,Nairobi,Urban
757,56.99033772,23.46974371,Kapchorua,Nandi,Non-NR
758,36.39911843,6.99353153,Tala,Machakos,Urban
759,39.45142654,10.81417072,Kiplombe,Uasingishu,Non-NR
760,78.22622522,156.1523636,Kalama,Machakos,SR
761,45.19469761,18.00129966,Bukiracentralikere,Migori,Non-NR
762,44.33203626,14.28010408,Kaksingriwest,Homabay,Non-NR
763,43.33558137,12.4762361,Eastkanyamkago,Migori,Non-NR
764,17.05999177,1.479665278,Zimmerman,Nairobi,Urban
765,36.74018704,9.882834564,Northsakwa,Migori,Urban
766,14.83376083,0.513614809,Korogocho,Nairobi,Urban
767,38.35267181,267.6309698,Kotaruklobei,Turkana,NR
768,30.6216389,5.063650309,Bogusero,Kisii,Urban
769,12.98822827,0.356959684,Dandoraareai,Nairobi,Urban
770,30.71889882,5.699724637,Centralward,Embu,Urban
771,29.1562934,6.405025045,Hospital,Kiambu,Urban
772,17.28819176,0.786227617,Ongatarongai,Kajiado,Urban
773,62.67704977,51.28215675,Sagala,Taitataveta,SR
774,41.6078166,14.75191725,Visoi,Nakuru,Non-NR
775,39.02109364,124.5938119,Waso,Samburu,SR
776,60.47418864,22.11557587,Shamata,Nyandarua,Non-NR
777,56.70419374,40.98837428,Lolgorian,Narok,SR
778,23.25234711,0.640348407,Migosi,Kisumu,Urban
779,54.30102934,19.74006875,Cheptiretkipchamo,Uasingishu,Non-NR
780,37.84672668,45.43099612,Chengonisamburu,Kwale,NR
781,32.8407187,209.7076218,Khorofharar,Wajir,NR
782,33.0166733,7.906067636,Wangu,Murang'A,Urban
783,32.28467535,8.103455386,Kagunduini,Murang'A,Urban
784,31.44549389,5.415286147,Kapsabet,Nandi,Urban
785,26.00985032,3.934816652,Nyamaiya,Nyamira,Urban
786,15.18469719,1.118205447,Kwareuben,Nairobi,Urban
787,55.73553693,33.92249941,Mtitoandei,Makueni,SR
788,91.79110949,77.79292848,Mutitokaliku,Kitui,SR
789,56.08987896,20.39527413,Karama,Meru,Non-NR
790,12.99829731,0,Kayolecentral,Nairobi,Urban
791,45.49903155,9.584462272,Bokoli,Bungoma,Non-NR
792,43.36342681,20.4972741,Keyian,Narok,Non-NR
793,14.59857956,0.895988708,Githurai,Nairobi,Urban
794,25.14612916,3.891823265,Masigeeast,Kisii,Urban
795,29.18360469,4.191797691,Northmaragoli,Vihiga,Urban
796,22.76077429,1.989817781,Kapsaos,Uasingishu,Urban
797,44.25496298,8.102986577,Ibeno,Kisii,Non-NR
798,20.61142561,0.795139392,Kisiicentral,Kisii,Urban
799,22.60810658,5.020027131,Komothai,Kiambu,Urban
800,78.64895966,29.13429309,Ekalakala,Machakos,SR
801,33.94845039,6.444559521,Maramawest,Kakamega,Urban
802,24.30131216,1.09836045,Township,Bungoma,Urban
803,38.92624959,12.05439617,Matuu,Machakos,Urban
804,53.22176339,15.05560401,Kabiyet,Nandi,Non-NR
805,38.93839797,8.434841184,Sidindi,Siaya,Urban
806,17.13714565,1.069327846,Municipality,Meru,Urban
807,42.33481151,7.667363085,Mbakalo,Bungoma,Non-NR
808,43.62429408,12.18692858,Ngeria,Uasingishu,Non-NR
809,76.10736672,31.06180435,Kauwi,Kitui,SR
810,41.58601107,8.766692816,Eastseme,Kisumu,Non-NR
811,43.86371821,11.47522968,Ngenyilel,Uasingishu,Non-NR
812,54.56875384,14.39790774,Kakrao,Migori,Non-NR
813,84.74869018,116.2460597,Kasei,Westpokot,SR
814,29.82556402,9.147504251,Rabaikisurutini,Kilifi,Urban
815,45.86413664,10.64150134,Kanyaluo,Homabay,Non-NR
816,30.72924621,4.091569325,Northeastbunyore,Vihiga,Urban
817,86.01434364,181.749436,Kolowa,Baringo,SR
818,63.73265588,56.91720597,Kipinieast,Tanariver,SR
819,68.87817314,70.93793945,Nguni,Kitui,SR
820,42.29449956,61.33050907,Ademasajide,Wajir,SR
821,51.00625275,17.62775824,Ngoliba,Kiambu,Non-NR
822,50.46415972,29.27077619,Olpusimoru,Narok,SR
823,30.29179146,4.608242886,Gisambai,Vihiga,Urban
824,24.08629301,3.205727024,Waberi,Garissa,Urban
825,49.59445372,13.95618001,Chilchila,Kericho,Non-NR
826,48.93766316,404.8133187,Maalimin,Garissa,SR
827,17.3494665,2.329036972,Mugumoini,Nairobi,Urban
828,45.7333938,12.06210039,Bukhayoeast,Busia,Non-NR
829,58.62963667,17.95285464,Koyondurio,Nandi,Non-NR
830,32.57222527,4.747445808,Centralbunyore,Vihiga,Urban
831,30.15547307,4.417778227,Kitisuru,Nairobi,Urban
832,26.84214208,5.91944323,Igojieast,Meru,Urban
833,84.38911185,38.959674,Lembus,Baringo,SR
834,25.02202095,3.110810242,Rigoma,Nyamira,Urban
835,16.81237128,0.296456277,Mikindani,Mombasa,Urban
836,25.60574264,5.894379175,Imaradaima,Nairobi,Urban
837,65.18307727,23.77069134,Karau,Nyandarua,Non-NR
838,80.27671189,28.87564976,Igambangombe,Tharakanithi,Non-NR
839,85.82320152,41.26839967,Kiimakiukalanzoni,Makueni,SR
840,41.77435125,13.1519269,Makutano,Transnzoia,Non-NR
841,39.61154211,20.09182819,Chepchoina,Transnzoia,Non-NR
842,91.27306788,36.19762148,Nguumo,Makueni,SR
843,73.05071688,79.55331866,Mwanamwinga,Kilifi,SR
844,61.9635545,419.8325708,Wambanorth,Samburu,SR
845,41.38639984,9.769497087,Lowerkaewakaani,Machakos,Non-NR
846,60.20283833,37.65245361,Mutomo,Kitui,SR
847,32.49742594,6.236397175,Yimbowest,Siaya,Urban
848,19.1917823,3.757566112,Jomvukuu,Mombasa,Urban
849,27.22178744,3.739033143,Muvutikiimakimwe,Machakos,Urban
850,11.7215872,0.660907224,Dandoraareaiv,Nairobi,Urban
851,70.16093321,21.91418225,Mutonguni,Kitui,Non-NR
852,106.0593979,101.688234,Vookyamatu,Kitui,SR
853,34.29524779,8.727529713,Sinyerere,Transnzoia,Urban
854,33.02339814,8.552795997,Northkinangop,Nyandarua,Urban
855,27.25003854,4.209636516,Riringu,Nyeri,Urban
856,56.41678897,18.22973027,Gathanji,Nyandarua,Non-NR
857,33.736276,5.676940859,Yalatownship,Siaya,Urban
858,94.27164661,39.95646541,Kathonzweni,Makueni,SR
859,34.79777692,17.903421,Sala,Mandera,NR
860,45.94739414,12.85809727,Tebesonik,Kericho,Non-NR
861,32.09954007,8.369537651,Gaichanjiru,Murang'A,Urban
862,31.90308405,8.049011783,Subukia,Nakuru,Urban
863,23.59090046,1.50942648,Kilimani,Nairobi,Urban
864,26.66648941,3.852059679,Shikaadabu,Mombasa,Urban
865,31.88053378,7.009840405,Barut,Nakuru,Urban
866,14.06895085,0,Mabatini,Nairobi,Urban
867,58.64615635,84.03690452,Ganze,Kilifi,SR
868,63.91756128,51.17824818,Gatunga,Tharakanithi,SR
869,52.73190214,29.70155515,Ngobit,Laikipia,SR
870,22.02227581,1.696213867,Mihango,Nairobi,Urban
871,25.9171881,3.323885745,Thiba,Kirinyaga,Urban
872,42.7732646,10.20420587,Centralgem,Siaya,Non-NR
873,33.83521985,7.266380317,Eastwanga,Kakamega,Urban
874,25.6828323,3.223474185,Machakoscentral,Machakos,Urban
875,29.80593959,8.339201044,Kijabe,Kiambu,Urban
876,47.08434274,14.84087036,Elgon,Bungoma,Non-NR
877,39.94256947,14.382097,Sengwer,Elgeyomarakwet,Non-NR
878,82.10463775,112.1425609,Mukogondowest,Laikipia,SR
879,72.68984316,39.75565884,Lelan,Westpokot,SR
880,43.01630768,8.731091686,Maeni,Bungoma,Non-NR
881,28.37476643,6.443494325,Rugurungandori,Embu,Urban
882,67.10855634,25.577996,Northkadem,Migori,Non-NR
883,44.60325407,16.05613617,Waseges,Nakuru,Non-NR
884,60.81991807,35.9176162,Chawia,Taitataveta,SR
885,42.41026439,9.213454221,Marachieast,Busia,Non-NR
886,21.55491736,0.592329768,Shimanziganjoni,Mombasa,Urban
887,62.88607296,22.06723992,Nyamosensekomosoko,Migori,Non-NR
888,44.10582001,11.39538582,Kipchimchim,Kericho,Non-NR
889,44.78802695,15.80517203,Ilmotiok,Narok,Non-NR
890,25.60626535,8.278973067,Cianda,Kiambu,Urban
891,46.97285148,14.10309427,Kamariny,Elgeyomarakwet,Non-NR
892,47.52310188,15.40926947,Mahoo,Taitataveta,Non-NR
893,57.51007005,130.3289799,Magadi,Kajiado,SR
894,41.11249142,6.994735111,Kiogoro,Kisii,Non-NR
895,73.30201143,24.95640912,Gokeharakagetambwega,Migori,Non-NR
896,46.13325397,11.71117314,Wundanyimbale,Taitataveta,Non-NR
897,31.99108291,5.52825111,Sensi,Kisii,Urban
898,22.6899235,2.122932802,Bomorenda,Kisii,Urban
899,40.55051655,6.93797486,Nyakoe,Kisii,Non-NR
900,43.26701203,7.872899827,Nkuene,Meru,Non-NR
901,38.21594781,125.3431764,Loiyangalani,Marsabit,NR
902,59.18546124,15.58972343,Londiani,Kericho,Non-NR
903,8.578635008,0,Kayolesouth,Nairobi,Urban
904,29.42043121,7.042205706,Centralsakwa,Migori,Urban
905,49.97925821,11.74214596,Northnyakach,Kisumu,Non-NR
906,52.07152985,14.74241485,Kabuochsouthpala,Homabay,Non-NR
907,48.00570131,16.75661522,Nzauikililikalamba,Makueni,Non-NR
908,17.67653772,0,Kipevu,Mombasa,Urban
909,45.48590744,10.85459113,Kisiara,Kericho,Non-NR
910,48.39550566,8.93445897,Maramasouth,Kakamega,Non-NR
911,73.82904061,59.05760235,Weiwei,Westpokot,SR
912,30.32875508,13.55241383,Limurueast,Kiambu,Urban
913,41.80613934,9.177025874,Wangchieng,Homabay,Non-NR
914,51.5260258,15.12959888,Yimboeast,Siaya,Non-NR
915,68.8572018,44.95240831,Porro,Samburu,SR
916,48.99686507,216.1500091,Turkwel,Turkana,SR
917,52.91645455,16.39964972,Sogoo,Narok,Non-NR
918,13.25667003,0,Kiamaiko,Nairobi,Urban
919,79.17737436,32.07029248,Wamunyu,Machakos,SR
920,38.25616702,12.26710546,Kedowakimugul,Kericho,Urban
921,60.23793569,17.65317873,Engineer,Nyandarua,Non-NR
922,25.71603776,2.62418838,Kileleshwa,Nairobi,Urban
923,43.43971401,6.813933731,Kisumunorth,Kisumu,Non-NR
924,45.01828632,7.562013976,Murhanda,Kakamega,Non-NR
925,54.16446616,47.53239704,Ildamat,Narok,SR
926,75.83168218,27.33129229,Mavuria,Embu,Non-NR
927,33.90544738,8.111320241,Ravine,Baringo,Urban
928,37.94086451,8.30084863,Kwa,Migori,Urban
929,53.43910789,35.01640132,Ololulunga,Narok,SR
930,40.29226452,10.09412063,Matumbei,Transnzoia,Non-NR
931,38.30072781,6.023097428,Kimilili,Bungoma,Urban
932,45.26388852,8.820899304,Mwanganthia,Meru,Non-NR
933,36.94609266,7.85607826,Malahaisongomakunga,Kakamega,Urban
934,53.51893528,12.87467503,Nkomo,Meru,Non-NR
935,27.76635667,3.109072622,Kajulu,Kisumu,Urban
936,27.01544936,5.845041446,Kyeninorthwest,Embu,Urban
937,49.43475626,14.30553382,Kaptelkamoiywo,Nandi,Non-NR
938,37.20742621,10.78411696,Matinyani,Kitui,Urban
939,13.03988616,0,Kariobangisouth,Nairobi,Urban
940,31.16671128,8.522101937,Sirikwa,Nakuru,Urban
941,22.03194593,4.992882194,Ngewa,Kiambu,Urban
942,29.05149063,4.783116687,Nyacheki,Kisii,Urban
943,41.41754666,11.22444931,Chemundukapngetuny,Nandi,Non-NR
944,33.73595068,8.918819999,Mtongwe,Mombasa,Urban
945,27.13566475,3.788327649,Olkeri,Kajiado,Urban
946,39.78717718,6.461427597,Keumbu,Kisii,Non-NR
947,34.69399043,9.282335712,Rwathia,Murang'A,Urban
948,42.19427814,13.94478865,Saboti,Transnzoia,Non-NR
949,19.55382583,1.329038295,Woodleykenyattagolfcourse,Nairobi,Urban
950,41.01944909,13.61557496,Murindat,Nakuru,Non-NR
951,80.95261034,30.01402511,Waiakako,Makueni,SR
952,46.26603163,58.12881379,Mwereni,Kwale,SR
953,50.86074663,11.0644789,Lugari,Kakamega,Non-NR
954,51.79805191,20.8097666,Ainabkoiolare,Uasingishu,Non-NR
955,29.13304168,11.28879251,Lokichoggio,Turkana,Urban
956,80.69601092,30.65214958,Nkondi,Tharakanithi,SR
957,53.27578011,15.90593462,Lelmokwongechek,Nandi,Non-NR
958,53.81827787,25.8836204,Solai,Nakuru,Non-NR
959,107.2589728,55.04793409,Nguumasumba,Makueni,SR
960,27.69292746,6.11113956,Larikirenga,Kiambu,Urban
961,83.71564848,376.4715194,Benane,Garissa,SR
962,48.57167378,12.98604076,Chakolsouth,Busia,Non-NR
963,63.17454017,19.04305062,Kee,Makueni,Non-NR
964,52.65582402,12.04875252,Kembu,Bomet,Non-NR
965,18.67565177,3.972091077,Northhorr,Marsabit,Urban
966,46.86777826,10.22969648,Westbukusu,Bungoma,Non-NR
967,49.25881997,47.58454255,Olkaria,Nakuru,SR
968,33.58094338,7.247606259,Ngariama,Kirinyaga,Urban
969,37.21436304,6.912089843,Butsotsoeast,Kakamega,Urban
970,37.87314211,210.0182649,Dadajabulla,Wajir,NR
971,28.99373233,5.509905115,Muhudu,Vihiga,Urban
972,35.58449473,8.889139339,Waitaluk,Transnzoia,Urban
973,15.93262713,0.092288216,Shaabab,Nakuru,Urban
974,36.75742598,16.30924851,Endebess,Transnzoia,NR
975,42.87775124,11.37619617,Ilima,Makueni,Non-NR
976,12.26451202,0,Lainisaba,Nairobi,Urban
977,31.25119297,8.402802169,Gikondi,Nyeri,Urban
978,31.4988779,4.86700546,Northwestkisumu,Kisumu,Urban
979,27.25104472,27.41171303,Cherab,Isiolo,NR
980,45.47882477,29.36129066,Kakuyuni,Kilifi,SR
981,12.55116018,0,Kawangware,Nairobi,Urban
982,45.52662671,9.635760855,Kabonyokanyagwal,Kisumu,Non-NR
983,44.83589383,35.16147662,Keekonyokie,Narok,SR
984,22.23761184,2.130343002,Bomani,Taitataveta,Urban
985,75.70924299,45.04067739,Matsangoni,Kilifi,SR
986,16.98334732,0.619531733,Kongowea,Mombasa,Urban
987,30.23881223,4.802180336,Monyerero,Kisii,Urban
988,38.31212651,9.424133333,Bunyalawest,Kakamega,Urban
989,19.11980594,8.164245978,Lopur,Turkana,Urban
990,46.66512044,30.69215623,Mwavumbo,Kwale,SR
991,17.62805269,2.886713391,Matharenorth,Nairobi,Urban
992,27.81153563,6.269485506,Igembeeast,Meru,Urban
993,22.81453787,2.725741007,Matisi,Transnzoia,Urban
994,30.46688029,6.649015471,Nyakio,Nyandarua,Urban
995,28.618898,48.32227495,Lobokat,Turkana,NR
996,52.14275483,27.47538405,Mwarakaya,Kilifi,Non-NR
997,46.69854028,13.03566311,Antuambui,Meru,Non-NR
998,39.77947786,20.68932894,Angatabarikoi,Narok,Non-NR
999,43.49212859,35.85763139,Marafa,Kilifi,SR
1000,61.59262527,161.5900586,Kapchok,Westpokot,SR
1001,55.14648019,47.91708791,Jilore,Kilifi,SR
1002,73.06243086,37.79364602,Kapyego,Elgeyomarakwet,SR
1003,21.60055409,2.383199649,Bibirioni,Kiambu,Urban
1004,60.49148347,19.74960728,Nyakieast,Meru,Non-NR
1005,41.1797078,15.34618907,Mboghoni,Taitataveta,Non-NR
1006,22.61443935,66.03006173,Sabena,Garissa,NR
1007,52.09730201,14.20904261,Ainamoi,Kericho,Non-NR
1008,72.3225496,25.96281552,Mbitini,Kitui,Non-NR
1009,53.27141334,15.10083297,Ndalat,Nandi,Non-NR
1010,21.95802316,3.163812777,Kikuyu,Kiambu,Urban
1011,37.46760726,10.67168067,Motosiet,Transnzoia,Urban
1012,47.11119146,211.0740499,Tarbaj,Wajir,SR
1013,60.10163644,56.89616781,Ndavaya,Kwale,SR
1014,50.14742657,11.21870894,Southkabras,Kakamega,Non-NR
1015,58.70673121,33.68798202,Mata,Taitataveta,SR
1016,46.33635925,9.614918297,Bwakeluuya,Bungoma,Non-NR
1017,43.65679238,14.94104131,Matungulunorth,Machakos,Non-NR
1018,42.61064903,17.44455359,Muhoronikoru,Kisumu,Non-NR
1019,76.66728817,30.18901035,Mbetisouth,Embu,SR
1020,32.22846636,12.68712541,Kaloleni,Taitataveta,Urban
1021,38.42158447,7.118127127,Musikoma,Bungoma,Urban
1022,27.33770733,4.755626929,Nyamasibi,Kisii,Urban
1023,36.27864651,8.291153779,Northugenya,Siaya,Urban
1024,53.44541443,13.66832322,Awasionjiko,Kisumu,Non-NR
1025,26.55879912,5.462165359,Nginda,Embu,Urban
1026,57.47433949,17.58881032,Segerobarsombe,Uasingishu,Non-NR
1027,79.88041316,83.59859434,Riwo,Westpokot,SR
1028,40.85102434,8.009595228,Marakarutuuti,Bungoma,Non-NR
1029,22.68960104,4.4085747,Kaptembwo,Nakuru,Urban
1030,78.76725772,25.65611174,Ndalani,Machakos,Non-NR
1031,33.72377684,8.13411394,Sitatunga,Transnzoia,Urban
1032,36.00867398,8.900000639,Mtepeni,Kilifi,Urban
1033,46.99461302,18.35805,Soy,Uasingishu,Non-NR
1034,26.38557737,3.993448294,Mumbuninorth,Machakos,Urban
1035,34.57212069,7.477584581,Kholera,Kakamega,Urban
1036,40.55780049,8.41201354,Marachiwest,Busia,Non-NR
1037,30.61798003,32.65153005,Biashara,Kiambu,NR
1038,33.73916889,16.50342969,Miwani,Kisumu,NR
1039,39.79640673,8.433199656,Milima,Bungoma,Non-NR
1040,73.19828179,25.27596032,Leshaupondo,Nyandarua,Non-NR
1041,63.73048395,62.12150113,Tseikuru,Kitui,SR
1042,74.33710878,30.39230855,Lembusperkerra,Baringo,SR
1043,27.51156532,3.939054544,Westsabatia,Vihiga,Urban
1044,52.83291915,12.54572748,Shirugumugai,Kakamega,Non-NR
1045,84.67553285,33.72182433,Thange,Makueni,SR
1046,21.57222184,2.11482041,Ekerenyo,Nyamira,Urban
1047,9.96E+26,8.357905183,Ukwala,Siaya,Non-NR
1048,65.31369639,19.85460402,Githabai,Nyandarua,Non-NR
1049,37.23319364,7.520118019,Ugunja,Siaya,Urban
1050,45.24416637,46.00033436,Mara,Narok,SR
1051,28.71338447,5.039728593,Mutituni,Machakos,Urban
1052,43.51907965,13.7826213,Kihingo,Nakuru,Non-NR
1053,32.57224682,10.66604594,Kapropita,Baringo,Urban
1054,92.99272452,111.5120785,Saimosoi,Baringo,SR
1055,42.95786365,10.27334478,Wusikishamba,Taitataveta,Non-NR
1056,57.45193375,21.411975,Barwago,Wajir,Non-NR
1057,44.40429589,10.91286323,Kapsaos,Kericho,Non-NR
1058,29.67742385,8.523537167,Kamburu,Kiambu,Urban
1059,80.86146015,36.7772669,Mogotio,Baringo,SR
1060,48.98648846,32.91955371,Kinango,Kwale,SR
1061,41.85194887,12.07571831,Lare,Nakuru,Non-NR
1062,56.37846383,50.36630746,Kuku,Kajiado,SR
1063,26.89953448,7.988696249,Mugumoini,Murang'A,Urban
1064,23.74369121,3.054221917,Ngong,Kajiado,Urban
1065,28.18164002,7.000074073,Township,Kiambu,Urban
1066,50.7677363,857.811572,Katilia,Turkana,SR
1067,17.5138231,0.615623242,Harambee,Nairobi,Urban
1068,30.12961642,7.046413791,Muguru,Murang'A,Urban
1069,41.3048964,9.696599413,Mauche,Nakuru,Non-NR
1070,43.85342218,10.5177074,Nambobotonambuku,Busia,Non-NR
1071,45.9449751,12.5481693,Centralalego,Siaya,Non-NR
1072,45.6324181,11.5762983,Southbukusu,Bungoma,Non-NR
1073,28.63875032,7.45084813,Nyansiongo,Nyamira,Urban
1074,30.77028571,13.8608397,Chaik,Kericho,Urban
1075,32.25349457,8.100993869,Gitugi,Murang'A,Urban
1076,54.48848896,15.11415123,Amukuracentral,Busia,Non-NR
1077,50.28109447,12.04334061,Chesikaki,Bungoma,Non-NR
1078,64.23988549,99.81748317,Mbirikanieselenkei,Kajiado,SR
1079,22.9501137,4.041659715,Karingani,Tharakanithi,Urban
1080,43.19584765,9.179007083,Marachicentral,Busia,Non-NR
1081,19.84244746,1.931087286,Kahawawest,Nairobi,Urban
1082,37.66795882,8.673249319,Sikhendu,Transnzoia,Urban
1083,52.22343331,16.14946031,Southsakwa,Siaya,Non-NR
1084,52.32211368,393.4720768,Della,Wajir,SR
1085,13.63372046,0,Kondele,Kisumu,Urban
1086,36.54430941,7.754115484,Kerugoya,Kirinyaga,Urban
1087,46.05138815,11.24611456,Sitikho,Bungoma,Non-NR
1088,56.21118503,14.79782337,Akithii,Meru,Non-NR
1089,23.62480248,4.622726912,Chogoria,Tharakanithi,Urban
1090,37.8555818,7.766075164,Kochia,Homabay,Urban
1091,45.20385309,9.794058189,Soysambumitua,Bungoma,Non-NR
1092,34.61974519,8.464998021,Kithimu,Embu,Urban
1093,81.87371742,33.92622251,Marimanti,Tharakanithi,SR
1094,96.18939544,196.8262894,Mukutani,Baringo,SR
1095,43.75268001,11.06653328,Westalego,Siaya,Non-NR
1096,13.0630244,0.446262253,Dandoraareaii,Nairobi,Urban
1097,42.64353295,8.415555931,Derkhale,Mandera,Non-NR
1098,12.96499074,0.949529701,Jarajila,Garissa,Urban
1099,45.60691641,10.74212375,Agengananguba,Busia,Non-NR
1100,23.4904837,2.194576764,Khalaba,Bungoma,Urban
1101,23.67074059,3.547288215,Riabai,Kiambu,Urban
1102,29.92137271,45.88959707,Kaputir,Turkana,NR
1103,25.11031307,2.280832326,Kamenu,Kiambu,Urban
1104,32.66849931,6.161552609,Getenga,Kisii,Urban
1105,35.87666709,12.04708876,Thingithu,Laikipia,Urban
1106,31.79978824,7.351747204,Moticho,Kisii,Urban
1107,61.60257224,15.31222201,Ntimaruwest,Migori,Non-NR
1108,16.41681946,0.507304158,Kadzandani,Mombasa,Urban
1109,50.49925122,13.70102726,Kobujoi,Nandi,Non-NR
1110,53.70932346,24.21007977,Watamu,Kilifi,Non-NR
1111,32.88804749,6.983736961,Malabacentral,Busia,Urban
1112,27.84249944,21.95272664,Madogo,Tanariver,NR
1113,22.36813675,1.659845274,Township,Kitui,Urban
1114,48.8289618,15.53541527,Kiptororo,Nakuru,Non-NR
1115,38.52805587,13.26613913,Kinyoro,Transnzoia,Urban
1116,25.65755292,5.456520908,Kigumo,Murang'A,Urban
1117,89.00486821,104.5793669,Kanziko,Kitui,SR
1118,61.01901844,21.5205051,Tinet,Nakuru,Non-NR
1119,47.35612373,28.72587708,Malewawest,Nakuru,Non-NR
1120,52.34461301,16.66214077,Kunyak,Kericho,Non-NR
1121,48.91394076,13.855914,Bukhayocentral,Busia,Non-NR
1122,34.4091535,279.679248,Garsenwest,Tanariver,NR
1123,62.32969396,15.54651774,Chemaner,Bomet,Non-NR
1124,44.17467984,86.83379211,Dandu,Mandera,SR
1125,58.45232445,18.45872331,Malabanorth,Busia,Non-NR
1126,60.22259253,33.66566878,Tenges,Baringo,SR
1127,30.620074,7.168446043,Kamacharia,Murang'A,Urban
1128,35.41504925,10.57134058,Kanamkemer,Turkana,Urban
1129,67.90879756,30.69954552,Shankoe,Narok,SR
1130,27.08112948,7.257310277,Kangari,Murang'A,Urban
1131,35.06035378,8.922485578,Elwaksouth,Mandera,Urban
1132,43.48691202,8.361364927,Ruai,Nairobi,Non-NR
1133,57.48307531,17.21170598,Kibirichia,Meru,Non-NR
1134,47.88081763,12.32456153,Southeastalego,Siaya,Non-NR
1135,55.03154391,16.1106279,Amukuraeast,Busia,Non-NR
1136,35.64250359,9.505022564,Mogogosiek,Bureti,Urban
1137,31.02256253,4.356026592,Bunyalawest,Busia,Urban
1138,35.94426149,7.621352702,Dadajabulla,Wajir,Urban
1139,34.53920204,9.887883053,Southkamagambo,Migori,Urban
1140,27.04403106,5.557060118,Njabinikiburu,Nyandarua,Urban
1141,61.20001032,32.43640763,Emsoo,Elgeyomarakwet,SR
1142,53.62098854,18.75919289,Nessuit,Nakuru,Non-NR
1143,55.62862314,13.72474376,Lwandanyi,Bungoma,Non-NR
1144,50.8246218,13.47108002,Bumula,Bungoma,Non-NR
1145,16.87814729,0,Majengo,Mombasa,Urban
1146,23.11879054,4.108413192,Embakasi,Nairobi,Urban
1147,46.78334098,8.117840199,Maramanorth,Kakamega,Non-NR
1148,34.27517478,10.00892399,Mbiri,Murang'A,Urban
1149,43.65266894,86.69948705,Kutulo,Mandera,SR
1150,29.22715891,5.80958666,Murera,Kiambu,Urban
1151,33.92318061,7.654510703,Mukure,Kirinyaga,Urban
1152,60.81235666,15.02827135,Kipreres,Bomet,Non-NR
1153,41.05505243,13.24176461,Northkanyamkago,Migori,Non-NR
1154,52.89205183,22.37625948,Endo,Elgeyomarakwet,Non-NR
1155,27.14668982,6.431535548,Muthambi,Tharakanithi,Urban
1156,15.45497755,0.2769439,Magogoni,Mombasa,Urban
1157,24.58026024,3.028400479,Kemera,Nyamira,Urban
1158,59.83564596,19.77636998,Murungaru,Nyandarua,Non-NR
1159,19.32500549,1.807980404,Viwandani,Nairobi,Urban
1160,22.70553895,3.757223197,Njia,Meru,Urban
1161,56.76901097,14.74132354,Chemuche,Kakamega,Non-NR
1162,22.95063434,1.496992336,Ziwanikariokor,Nairobi,Urban
1163,30.19264659,5.516520162,Nzoia,Kakamega,Urban
1164,27.16830676,7.146700883,Muthithi,Murang'A,Urban
1165,80.30083328,107.9795388,Ngomeni,Kitui,SR
1166,43.642684,537.5517032,Takabasouth,Mandera,SR
1167,31.87433976,6.693072672,Mutira,Kirinyaga,Urban
1168,80.51243265,36.13412835,Kwamutongakithumula,Kitui,SR
1169,48.4172948,9.924356003,Butsotsocentral,Kakamega,Non-NR
1170,24.53547042,6.009860659,Heilumanyatta,Marsabit,Urban
1171,61.73043696,49.52148581,Kayafungo,Kilifi,SR
1172,26.45568734,4.004384194,Bogetenga,Kisii,Urban
1173,60.61443871,163.4627061,Tangulbeikorossi,Baringo,SR
1174,51.47518023,18.14305312,Kaptagat,Uasingishu,Non-NR
1175,41.3931426,7.151670823,Gachuba,Nyamira,Non-NR
1176,59.74843069,19.71156355,Tindiret,Nandi,Non-NR
1177,21.99768401,2.83482805,Shimolatewa,Kilifi,Urban
1178,65.35882555,41.09223434,Chepareria,Westpokot,SR
1179,78.52588357,148.2785369,Jaribuni,Kilifi,SR
1180,60.64489719,100.3746788,Puma,Kwale,SR
1181,23.13316601,2.308265512,Bogiakumu,Kisii,Urban
1182,64.32865124,24.18296413,Macalderkanyarwanda,Migori,Non-NR
1183,28.16918457,3.329452487,Emabungo,Vihiga,Urban
1184,55.0270167,25.89159895,Mumberesmajimazuri,Baringo,Non-NR
1185,23.04592,2.034867405,Karuri,Kiambu,Urban
1186,38.39909835,139.8005985,Nyiro,Samburu,NR
1187,33.19880198,7.718102981,Sirende,Transnzoia,Urban
1188,52.17108905,11.54305163,Centralnyakach,Kisumu,Non-NR
1189,38.3206839,9.189612037,Eastugenya,Siaya,Urban
1190,39.64119173,11.39188116,Singorwet,Bomet,Non-NR
1191,24.40704401,4.161285024,Bosamaro,Nyamira,Urban
1192,48.65322546,13.45068126,Kabuochnorth,Homabay,Non-NR
1193,52.17203184,11.20862981,Chekalini,Kakamega,Non-NR
1194,18.61785146,1.208824904,Miritini,Mombasa,Urban
1195,47.69104254,12.2591842,Kangai,Kirinyaga,Non-NR
1196,43.40584284,8.343651119,Sametamokwerero,Kisii,Non-NR
1197,48.31747385,76.87843274,Loita,Narok,SR
1198,74.3460176,84.24924533,Nuu,Kitui,SR
1199,29.02277422,4.441428037,Busali,Vihiga,Urban
1200,53.16763588,13.83188858,Waswetaii,Migori,Non-NR
1201,26.06805791,2.023939064,Luandatownship,Vihiga,Urban
1202,46.33376939,8.833776775,Kisaeast,Kakamega,Non-NR
1203,84.03246514,34.46088876,Ikombe,Machakos,SR
1204,45.95914254,12.45815146,Westgem,Siaya,Non-NR
1205,46.87233977,38.92891419,Lafey,Mandera,SR
1206,17.90895445,1.737489014,Luckysummer,Nairobi,Urban
1207,38.65905672,661.7775106,Ibrahimure,Wajir,NR
1208,40.6905098,60.90878643,Naikarra,Narok,SR
1209,16.77817594,0.402485411,Matopenispringvalley,Nairobi,Urban
1210,83.98547417,36.8069595,Chiakariga,Tharakanithi,SR
1211,22.31269059,3.497867419,Nakurueast,Nakuru,Urban
1212,27.55262308,6.670895994,Ngenda,Kiambu,Urban
1213,41.45502426,12.31081729,Nandihills,Nandi,Non-NR
1214,44.14562183,19.03558108,Ewalelchapchap,Baringo,Non-NR
1215,27.30246344,4.71021418,Shiru,Vihiga,Urban
1216,50.79420317,28.743771,Marungu,Taitataveta,Non-NR
1217,26.59012094,4.663532421,Kapsoya,Uasingishu,Urban
1218,98.18555606,58.82121468,Kiomokyethani,Kitui,SR
1219,50.55440593,12.31275711,Akachiu,Meru,Non-NR
1220,43.18820622,10.27586664,Eastgem,Homabay,Non-NR
1221,54.84108746,37.68725126,Suswa,Narok,SR
1222,26.98788152,3.843412635,Chavakali,Vihiga,Urban
1223,68.29531919,19.63865218,Sigor,Bomet,Non-NR
1224,52.74973739,16.54315781,Kamara,Nakuru,Non-NR
1225,27.88855898,4.775967578,Magwagwa,Nyamira,Urban
1226,100.5167654,67.97927351,Tapach,Westpokot,SR
1227,51.37641147,17.64551646,Kaptama,Bungoma,Non-NR
1228,41.93185382,9.708731698,Kapkures,Uasingishu,Non-NR
1229,59.53687751,19.78421893,Charagita,Nyandarua,Non-NR
1230,22.21540083,2.797462594,Shanzu,Mombasa,Urban
1231,53.98158009,15.29965777,Chakolnorth,Busia,Non-NR
1232,39.38981269,13.6689675,Elementaita,Nakuru,Non-NR
1233,42.6611009,24.90733207,Gongoni,Kilifi,Non-NR
1234,52.39726205,15.00535178,Amukurawest,Busia,Non-NR
1235,36.79677122,78.07198874,Shambirfatuma,Mandera,NR
1236,28.73861036,4.561905099,Centralkisumu,Kisumu,Urban
1237,53.79327521,14.00041793,Kemeloimaraba,Nandi,Non-NR
1238,61.6639368,18.54366305,Chepterwai,Nandi,Non-NR
1239,46.99231321,12.19593423,Bunyalanorth,Busia,Non-NR
1240,48.35408066,11.02072135,Kimaeti,Bungoma,Non-NR
1241,45.16021215,15.19802998,Lembuskwen,Baringo,Non-NR
1242,39.47947526,13.98752655,Mariakani,Kilifi,Non-NR
1243,66.50983718,489.8816331,Songot,Turkana,SR
1244,42.03268944,524.1058371,Loima,Turkana,SR
1245,43.03475044,59.0242483,Libehia,Mandera,SR
1246,25.01848199,3.226421734,Nyatieko,Kisii,Urban
1247,89.3719365,35.26396626,Ivingoninzambani,Makueni,SR
1248,28.75582021,47.18049191,Rhoda,Nakuru,NR
1249,32.25826646,6.411830362,Upperkaewaiveti,Machakos,Urban
1250,78.01580749,35.74063664,Kisasi,Kitui,SR
1251,34.10142879,9.972910095,Kasgunga,Homabay,Urban
1252,20.45628646,2.12255261,Ntimawest,Meru,Urban
1253,19.64985611,2.941273096,Airport,Mombasa,Urban
1254,37.70399103,7.022197159,Kangundonorth,Machakos,Urban
1255,48.78084876,20.52930863,Umande,Laikipia,Non-NR
1256,23.9728218,2.735055431,London,Nakuru,Urban
1257,38.47407481,12.94951651,Menengaiwest,Nakuru,Urban
1258,43.82879453,14.78716028,Gwassinorth,Homabay,Non-NR
1259,59.10428835,16.66199762,Thangatha,Meru,Non-NR
1260,25.8972295,2.810508936,California,Nairobi,Urban
1261,43.499347,11.6855947,Southuyoma,Siaya,Non-NR
1262,55.28425179,16.78542116,Kurgungsurungai,Nandi,Non-NR
1263,25.34295252,3.590858856,Nkaimurunya,Kajiado,Urban
1264,52.7307787,14.26570987,Kapsasian,Narok,Non-NR
1265,44.75679911,7.66975776,Naathu,Meru,Non-NR
1266,48.25543771,11.52569694,Kingandole,Busia,Non-NR
1267,25.58505708,42.01669412,Wayu,Tanariver,NR
1268,45.01295261,12.66241861,Langas,Uasingishu,Non-NR
1269,28.76498146,3.60795125,Lyaduywaizava,Vihiga,Urban
1270,24.86367573,8.706078961,Wamumu,Kirinyaga,Urban
1271,30.93379635,8.687216942,Gilgil,Nakuru,Urban
1272,53.53962138,13.64923595,Angurainorth,Busia,Non-NR
1273,69.44109014,52.70634347,Barwessa,Baringo,SR
1274,57.46534902,158.9828738,Iloodokilani,Kajiado,SR
1275,54.3380503,13.65681581,Longisa,Bomet,Non-NR
1276,27.71844627,4.202347344,Gesusu,Kisii,Urban
1277,21.66467196,1.22145887,Burumba,Busia,Urban
1278,31.14749696,8.648106383,Ichagaki,Murang'A,Urban
1279,42.75203033,19.18356806,Kapenguria,Westpokot,Non-NR
1280,42.51145296,11.98434913,Centralkanyamkago,Migori,Non-NR
1281,54.63944564,19.15040584,Mogondo,Narok,Non-NR
1282,25.63765626,3.47415238,Kiabonyoru,Nyamira,Urban
1283,38.96108016,6.731706388,Manga,Nyamira,Urban
1284,55.62107547,14.47358535,Gathara,Nyandarua,Non-NR
1285,40.30807512,15.08793332,Mbarukeburu,Nakuru,Non-NR
1286,51.69162914,17.43151884,Megun,Uasingishu,Non-NR
1287,92.67980343,88.34988331,Zombemwitika,Kitui,SR
1288,47.92197658,67.5653851,Matapatosouth,Kajiado,SR
1289,34.47506638,389.6050539,Godoma,Wajir,NR
1290,61.45304752,17.80580773,Mukaa,Makueni,Non-NR
1291,55.17089256,18.73611533,Tendenosorget,Kericho,Non-NR
1292,23.83370519,4.661254626,Rhamu,Mandera,Urban
1293,63.96191056,16.26789794,Ololmasani,Narok,Non-NR
1294,50.03214005,14.73504642,Chepkumia,Nandi,Non-NR
1295,36.84968314,218.0272539,Elben,Wajir,NR
1296,98.59837636,59.19846393,Waita,Kitui,SR
1297,49.40015015,53.63620587,Ngolia,Taitataveta,SR
1298,42.58139337,163.4018486,Ganyurewagalla,Wajir,SR
1299,30.66657661,7.672548079,Southsakwa,Migori,Urban
1300,52.92054936,15.81947977,Esise,Nyamira,Non-NR
1301,46.02367683,176.8770061,Elnurtulatula,Wajir,SR
1302,15.11860122,0.882687149,Nyayohighrise,Nairobi,Urban
1303,62.90086298,18.88545642,Athirugaiti,Meru,Non-NR
1304,41.29629708,11.92564341,Waa,Kwale,Non-NR
1305,25.00814609,1.236153163,Nairobicentral,Nairobi,Urban
1306,27.25652142,7.753056396,Tinganga,Kiambu,Urban
1307,67.53195649,1872.987317,Nanighi,Garissa,SR
1308,42.54292965,12.55003726,Tapsagoi,Uasingishu,Non-NR
1309,43.65487867,9.332972402,Shinoyishikomariesumeyia,Kakamega,Non-NR
1310,30.80843393,7.05609759,Gaturisouth,Embu,Urban
1311,97.10635568,60.61228103,Mumoni,Kitui,SR
1312,33.02313876,8.520077155,Bukiraeast,Migori,Urban
1313,45.80317213,58.50569286,Bamba,Kilifi,SR
1314,45.61906893,11.73983467,Marachinorth,Busia,Non-NR
1315,31.38654811,7.035209587,Ombeyi,Kisumu,Urban
1316,27.78461446,6.355824452,Ngararia,Muranga,Urban
1317,36.94370598,16.43793486,Mwatate,Taitataveta,NR
1318,39.70351675,9.656662472,Chemosot,Kericho,Non-NR
1319,42.21604476,17.29570662,Witeithie,Kiambu,Non-NR
1320,52.39690108,16.61283169,Kabisaga,Nandi,Non-NR
1321,50.29458089,32.2333967,Olorropil,Narok,SR
1322,58.81236989,23.34025944,Muthara,Meru,Non-NR
1323,54.70558164,26.80785106,Kabarnet,Baringo,Non-NR
1324,36.39230648,9.363238304,Kyenisouth,Embu,Urban
1325,33.3410632,44.43376268,Chewele,Tanariver,NR
1326,16.19280022,1.172030493,Kabiro,Nairobi,Urban
1327,27.94890189,4.98818826,Bomariba,Kisii,Urban
1328,27.46693158,5.763614476,Antubetwekiongo,Meru,Urban
1329,30.02195245,5.360841539,Borabuchitago,Kisii,Urban
1330,18.70278384,0.668455989,Lakeview,Nakuru,Urban
1331,55.74837216,13.71313706,Southwestnyakach,Kisumu,Non-NR
1332,30.93967709,7.539609769,Mbetinorth,Embu,Urban
1333,49.01082065,15.87416291,Rongenamanaret,Bureti,Non-NR
1334,24.89924992,3.518671539,Rware,Nyeri,Urban
1335,34.78466166,4.757534426,Wargudud,Mandera,Urban
1336,27.18684383,6.286473654,Bahati,Nakuru,Urban
1337,42.63294607,59.2863757,Wambaeast,Samburu,SR
1338,53.72485986,11.87904611,Kokwanyokakelo,Homabay,Non-NR
1339,45.77276841,42.68628392,Takaba,Mandera,SR
1340,64.53751664,21.52631304,Westkanyamkago,Migori,Non-NR
1341,38.53402655,9.000310075,Chesoen,Bomet,Urban
1342,43.30229645,14.61771062,Kiptagich,Nakuru,Non-NR
1343,30.88966534,6.659745713,Aguthigaaki,Nyeri,Urban
1344,32.21532886,8.492871728,Ruguru,Nyeri,Urban
1345,41.96140149,7.688722149,Cheplanget,Kericho,Non-NR
1346,43.69901762,7.976156161,Bobasiboitangare,Kisii,Non-NR
1347,27.76563294,295.713027,Ashabito,Mandera,NR
1348,41.86605815,23.76196364,Kinanie,Machakos,Non-NR
1349,27.21161217,7.207204305,Timau,Meru,Urban
1350,85.00274857,43.91389225,Muminji,Embu,SR
1351,42.94526852,10.30772617,Sigomere,Siaya,Non-NR
1352,68.75756266,19.6864789,Kong'Asis,Bomet,Non-NR
1353,54.5856658,139.7805326,Wambawest,Samburu,SR
1354,36.56975678,8.647550896,Kimororiwempa,Murang'A,Urban
1355,22.78352347,2.228979562,Kimumu,Uasingishu,Urban
1356,38.79231164,378.4256656,Fafi,Garissa,NR
1357,60.18101573,16.43907824,Anguraisouth,Busia,Non-NR
1358,40.61179384,103.2539257,Baraki,Garissa,SR
1359,42.90832799,13.91818865,Nyangati,Kirinyaga,Non-NR
1360,29.4817527,13.61750542,Kisima,Meru,Urban
1361,19.82561532,0.985152518,Tononoka,Mombasa,Urban
1362,49.79148101,11.8500854,Bunyalaeast,Kakamega,Non-NR
1363,20.38483195,2.921981383,Ndenderu,Kiambu,Urban
1364,44.65055247,10.05419368,Kagan,Homabay,Non-NR
1365,33.07284889,11.40770271,Theta,Kiambu,Urban
1366,75.48734902,55.03514381,Chasimba,Kilifi,SR
1367,47.28408742,13.58013869,Mbiuni,Machakos,Non-NR
1368,46.86546713,20.30006397,Mwakirunge,Mombasa,Non-NR
1369,32.90702352,9.031587926,Rugi,Nyeri,Urban
1370,47.45087538,8.945200827,Bokeira,Nyamira,Non-NR
1371,28.39620173,4.654802066,Musanda,Kakamega,Urban
1372,75.35476401,205.329906,Faza,Lamu,SR
1373,32.31447291,8.572719185,Kahumbu,Murang'A,Urban
1374,62.71726941,133.5785689,Kenyawapoka,Kajiado,SR
1375,19.91671773,1.294382613,Shella,Kilifi,Urban
1376,72.45630471,1671.467659,Kalapata,Turkana,SR
1377,44.6214156,11.94017476,Ithanga,Murang'A,Non-NR
1378,63.39784132,1445.799589,Arbajahan,Wajir,SR
1379,33.15508328,29.23589515,Morothile,Mandera,NR
1380,31.03708267,4.140012535,Westbunyore,Vihiga,Urban
1381,47.09246967,9.294464381,Masimba,Kisii,Non-NR
1382,42.88019058,41.31765567,Karare,Marsabit,SR
1383,53.45093766,15.80977163,Kapkateny,Bungoma,Non-NR
1384,41.65163439,9.236164474,Naitirikabuyefwe,Bungoma,Non-NR
1385,28.54782315,6.598018011,Mukurweinieast,Nyeri,Urban
1386,49.20439374,48.13998136,Garashi,Kilifi,SR
1387,47.92807621,14.45298853,Simatkapseret,Uasingishu,Non-NR
1388,53.76745001,25.65061629,Sacho,Baringo,Non-NR
1389,45.69166274,9.809959146,Masigewest,Kisii,Non-NR
1390,14.96331472,0,Mjambere,Mombasa,Urban
1391,44.67458616,124.9059735,Arabia,Mandera,SR
1392,40.87027588,53.76650426,Laisamis,Marsabit,SR
1393,43.28161493,271.3001898,Burder,Wajir,SR
1394,46.95197263,23.45192904,Kaloleni,Kilifi,Non-NR
1395,52.46866469,311.5879842,Kaeris,Turkana,SR
1396,26.80428465,5.04614418,Kiamaina,Nakuru,Urban
1397,45.02341108,12.57216122,Kamagut,Uasingishu,Non-NR
1398,13.8364825,0.393510234,Njiru,Nairobi,Urban
1399,15.98339885,0.610468781,Nyalendab,Kisumu,Urban
1400,34.07107575,9.375882829,Biashara,Nakuru,Urban
1401,27.40849158,6.684293655,Njoro,Nakuru,Urban
1402,42.51297053,10.73759009,Tulimani,Makueni,Non-NR
1403,41.88537724,8.717353774,Kabianga,Kericho,Non-NR
1404,57.03997858,18.77237255,Makutanomwala,Machakos,Non-NR
1405,28.4363106,0,Nanaam,Turkana,Urban
1406,36.10288181,6.889178211,Siayatownship,Siaya,Urban
1407,28.01419833,3.606838041,Karura,Nairobi,Urban
1408,14.60606253,0.271947412,Mowlem,Nairobi,Urban
1409,20.14746224,2.372987352,Raganaoruba,Migori,Urban
1410,43.53322741,12.81204202,Ganda,Kilifi,Non-NR
1411,38.51979128,625.7739413,Kalobeyei,Turkana,NR
1412,51.3805229,80.06342124,Majimotonaroosura,Narok,SR
1413,46.89429223,11.30498121,Westasembo,Siaya,Non-NR
1414,40.83787528,9.599316175,Baragwi,Kirinyaga,Non-NR
1415,79.87747222,63.63742567,Lomut,Westpokot,SR
1416,44.98722345,115.0979286,Gither,Mandera,SR
1417,65.00434542,34.66139745,Mkongani,Kwale,SR
1418,29.93934982,7.066705359,Kihumbuini,Murang'A,Urban
1419,30.56476992,4.440883967,Mungoma,Vihiga,Urban
1420,28.22139759,3.997376433,Centralkamagambo,Migori,Urban
1421,33.82195215,6.005746662,Bokimonge,Kisii,Urban
1422,61.30673116,39.62437544,Soysouth,Elgeyomarakwet,SR
1423,51.5443306,20.62608927,Gwassisouth,Homabay,Non-NR
1424,53.64725416,12.40799419,Mautuma,Kakamega,Non-NR
1425,58.95123422,21.52150901,Gotkachola,Migori,Non-NR
1426,35.81718637,17.61424661,Junju,Kilifi,NR
1427,29.17784625,6.697425747,Karima,Nyeri,Urban
1428,32.49407618,5.651968937,Southkasipul,Homabay,Urban